event_idx,h,w_G,w_G_legacy,w_tilde_G,alpha_G_phi,r_Malm,D_tilde_phi,L_cat_no_bh,L_cat_with_bh,B_num,B_num_wbh,g_frac,L_comp,combined_no_bh,combined_with_bh
0,0.73,0.0619668411108587,0.1215039,0.06196684,58688310.0,0.3827762,947092100.0,0.0797050069719356,0.0006416451259485,26642520.291520435,3497867.583052792,0.1312889,0.0199438925541337,0.0410341419508865,0.0037330314903694
1,0.73,0.0619668411108587,0.1215039,0.06196684,58688310.0,0.3827762,947092100.0,0.090513039352501,0.0240824501483854,2384193.9497525413,243397.61606832623,0.102088,0.0017847451157694,0.0171703499220118,0.0017493080248753
2,0.73,0.0619668411108587,0.1215039,0.06196684,58688310.0,0.3827762,947092100.0,0.0789795744643595,0.0030720234100377,8687959.33716551,1265524.3362840624,0.1456642,0.0065035787019841,0.0219591373221204,0.0015265845632984
3,0.73,0.0619668411108587,0.1215039,0.06196684,58688310.0,0.3827762,947092100.0,0.0161859455511686,0.0060202970216549,382853.7423542921,38294.033460338855,0.1000226,0.0002865942792916,0.0030245501498532,0.0004134920618367
5,0.73,0.0619668411108587,0.1215039,0.06196684,58688310.0,0.3827762,947092100.0,0.091003328465306,0.0004616666300223,13424266.800613835,2511981.667190236,0.1871224,0.0100490543597213,0.0289065319504008,0.0026809178208683
7,0.73,0.0619668411108587,0.1215039,0.06196684,58688310.0,0.3827762,947092100.0,0.0163752195886949,0.0119688918836393,488224.1096801054,40039.61617315888,0.08201073,0.0003654717751644,0.0031664480543195,0.0007839507915848
8,0.73,0.0619668411108587,0.1215039,0.06196684,58688310.0,0.3827762,947092100.0,0.0075611790748463,1.0295787441383624e-07,19356417.793328576,5220756.4293639455,0.2697171,0.0144897071477856,0.0216617988270586,0.0055124126257154
9,0.73,0.0619668411108587,0.1215039,0.06196684,58688310.0,0.3827762,947092100.0,0.0182476516807881,3.095708068201504e-05,36558793.872981794,5331723.440129813,0.1458397,0.0273669551128588,0.0415551708232579,0.0056314905765169
11,0.73,0.0619668411108587,0.1215039,0.06196684,58688310.0,0.3827762,947092100.0,0.1271121114056788,0.0,3660820.830931981,474722.6447891388,0.1296766,0.0027403945465053,0.0244432408500339,0.0005012423214023
12,0.73,0.0619668411108587,0.1215039,0.06196684,58688310.0,0.3827762,947092100.0,0.0608233990395238,0.0076912295648479,301206.9134092677,33715.127857024294,0.1119334,0.0002254756026031,0.0101646061686364,0.0005121997738726
13,0.73,0.0619668411108587,0.1215039,0.06196684,58688310.0,0.3827762,947092100.0,0.0117587581873857,0.000350535422238,2307650.6826208658,457209.28189674666,0.1981276,0.0017274468317215,0.0043401649200357,0.000504472173275
14,0.73,0.0619668411108587,0.1215039,0.06196684,58688310.0,0.3827762,947092100.0,0.1063477429412872,0.0011646070252363,17161966.77707161,2904776.313514958,0.1692566,0.0128469986200391,0.0353371081399407,0.0031392143534388
15,0.73,0.0619668411108587,0.1215039,0.06196684,58688310.0,0.3827762,947092100.0,0.0450671971636855,0.0284100837419125,180711.8577547188,19940.43474863478,0.1103438,0.0001352761613722,0.0074866412886993,0.0017815375227486
17,0.73,0.0619668411108587,0.1215039,0.06196684,58688310.0,0.3827762,947092100.0,0.0320931514714032,9.645220332451066e-07,27735578.78174568,8220848.247741855,0.2964008,0.0207621274975964,0.0344804788892365,0.0086801535132786
21,0.73,0.0619668411108587,0.1215039,0.06196684,58688310.0,0.3827762,947092100.0,0.1001042204122098,0.0301582352722523,967862.9201704632,136321.4761528362,0.1408479,0.0007245168203232,0.0172275938887279,0.0020127474465746
22,0.73,0.0619668411108587,0.1215039,0.06196684,58688310.0,0.3827762,947092100.0,0.0509756792251842,0.0158756585738025,3213017.201912828,274464.6115895084,0.0854227,0.0024051804839922,0.0116448536699883,0.0012735615825017
23,0.73,0.0619668411108587,0.1215039,0.06196684,58688310.0,0.3827762,947092100.0,0.0562459496445014,0.0137377236008978,1269313.4703377574,171454.61601932332,0.1350767,0.0009501748030192,0.01044576086007,0.0010323160095051
24,0.73,0.0619668411108587,0.1215039,0.06196684,58688310.0,0.3827762,947092100.0,0.1244667658540039,0.0009444842218068,16341401.724076029,2995506.9490233515,0.1833078,0.0122327451233146,0.0374039541363844,0.0032213732065758
25,0.73,0.0619668411108587,0.1215039,0.06196684,58688310.0,0.3827762,947092100.0,0.0342196211591743,5.1296104252349386e-05,26181508.609786253,5271549.175398404,0.2013463,0.0195987912894597,0.0331838426189786,0.0055692151107571
29,0.73,0.0619668411108587,0.1215039,0.06196684,58688310.0,0.3827762,947092100.0,0.1471965098171413,0.0057565187092431,11527965.017742712,2025893.043742662,0.1757373,0.0086295325354353,0.0360012926067792,0.0024957798347624
30,0.73,0.0619668411108587,0.1215039,0.06196684,58688310.0,0.3827762,947092100.0,0.0556490505453446,0.0001020152658125,11067648.618741397,2797597.3764824728,0.2527725,0.0082849517411961,0.0206948347262149,0.0029602025692963
34,0.73,0.0619668411108587,0.1215039,0.06196684,58688310.0,0.3827762,947092100.0,0.1615626414922855,0.0226038506343728,3869529.927437272,600755.6492154603,0.1552529,0.0028966287071713,0.0302407333874513,0.0020350051934878
36,0.73,0.0619668411108587,0.1215039,0.06196684,58688310.0,0.3827762,947092100.0,0.0251987030752161,5.5141491584672944e-05,18387568.33544363,3656449.938408195,0.1988545,0.0137644518311804,0.0234941278789901,0.0038641290363328
37,0.73,0.0619668411108587,0.1215039,0.06196684,58688310.0,0.3827762,947092100.0,0.0444265974402104,0.0043926567835593,2512464.7236170764,321677.9625921693,0.1280328,0.0018807652558987,0.0098449487222265,0.0006118470899366
38,0.73,0.0619668411108587,0.1215039,0.06196684,58688310.0,0.3827762,947092100.0,0.1184130805735436,0.0112330991685832,1911322.681094298,315790.6505128485,0.165221,0.0014307660750907,0.0211877416844353,0.0010295114982986
40,0.73,0.0619668411108587,0.1215039,0.06196684,58688310.0,0.3827762,947092100.0,0.0891760640976848,0.0060403365713357,9021363.929991543,1238366.8274352727,0.1372705,0.006753156643696,0.0239618554353881,0.0016818469305215
42,0.73,0.0619668411108587,0.1215039,0.06196684,58688310.0,0.3827762,947092100.0,0.06998666621013,0.0001948169008589,15629800.132539026,3630464.314998815,0.2322784,0.0117000588185778,0.0278329306632094,0.0038453470084978
43,0.73,0.0619668411108587,0.1215039,0.06196684,58688310.0,0.3827762,947092100.0,0.0189970278238758,0.0067094032292101,314577.31284437474,37556.06362898765,0.1193858,0.0002354843332645,0.0034075397848712,0.0004554146012871
45,0.73,0.0619668411108587,0.1215039,0.06196684,58688310.0,0.3827762,947092100.0,0.0450673993584651,0.0024816935010192,2570831.250086335,424438.7403127466,0.1650979,0.001924456908187,0.0100103138896074,0.0006019320880288
47,0.73,0.0619668411108587,0.1215039,0.06196684,58688310.0,0.3827762,947092100.0,0.0128309697049707,0.0029833232167062,104979.68200410958,12940.5904246011,0.1232676,7.858503907843341e-05,0.0021880230488079,0.0001985306130718
51,0.73,0.0619668411108587,0.1215039,0.06196684,58688310.0,0.3827762,947092100.0,0.0639303899149767,0.0397296075221731,286127.2043216367,38889.45810493232,0.1359167,0.0002141873275262,0.0106516683043938,0.0025029802367383
55,0.73,0.0619668411108587,0.1215039,0.06196684,58688310.0,0.3827762,947092100.0,0.007686917839599,0.0021550678804374,9577.786981612016,951.1303663431436,0.09930586,7.169680359723575e-06,0.0012545318775118,0.000134547012784
60,0.73,0.0619668411108587,0.1215039,0.06196684,58688310.0,0.3827762,947092100.0,0.0437847163327304,0.0063195776004242,3836563.4616147536,485587.267430448,0.1265683,0.0028719508747043,0.0111391034836514,0.0009043181411302
65,0.73,0.0619668411108587,0.1215039,0.06196684,58688310.0,0.3827762,947092100.0,0.0847485170268495,0.0009020223615224,4657589.372579351,1159376.4496912952,0.248922,0.0034865493576282,0.0186375387539008,0.0012800387722378
66,0.73,0.0619668411108587,0.1215039,0.06196684,58688310.0,0.3827762,947092100.0,0.0504542906142193,0.0135386112593403,1727416.4274107155,211463.1264850932,0.1224158,0.0012930986726315,0.0099918555000748,0.0010622211732493
70,0.73,0.0619668411108587,0.1215039,0.06196684,58688310.0,0.3827762,947092100.0,0.133662280527601,0.000463732852186,3767457.971058217,737594.5881733365,0.1957804,0.0028202203153023,0.025616228286644,0.0008075352760757
71,0.73,0.0619668411108587,0.1215039,0.06196684,58688310.0,0.3827762,947092100.0,0.049868978603431,1.571100624950392e-05,16114809.46961508,4301152.198147837,0.2669068,0.0120631240992103,0.0250882239839028,0.0045424032492025
72,0.73,0.0619668411108587,0.1215039,0.06196684,58688310.0,0.3827762,947092100.0,0.1027140608227976,0.0045644512001514,6094075.870559082,925724.8423506676,0.1519057,0.0045618655085664,0.0230626767263591,0.0012602837102443
74,0.73,0.0619668411108587,0.1215039,0.06196684,58688310.0,0.3827762,947092100.0,0.0090907429216881,0.0008473814220009,30907.3980246428,4117.197714243811,0.1332108,2.313646826901389e-05,0.0015043153402236,5.6856748796828334e-05
76,0.73,0.0619668411108587,0.1215039,0.06196684,58688310.0,0.3827762,947092100.0,0.0650035219315375,0.0051043666251287,4333356.81225706,688471.620128709,0.1588772,0.0032438373591061,0.0150987174892618,0.0010432335419245
77,0.73,0.0619668411108587,0.1215039,0.06196684,58688310.0,0.3827762,947092100.0,0.0665643639650647,0.0003483246039011,12868632.687141895,2695801.3276436995,0.2094862,0.0096331212221186,0.0243634853446793,0.002867982846754
78,0.73,0.0619668411108587,0.1215039,0.06196684,58688310.0,0.3827762,947092100.0,0.0062786763747489,0.0019845340680259,19349.98395847916,1849.5441132878648,0.09558375,1.4484890947608486e-05,0.0010368727202435,0.000124928173425
82,0.73,0.0619668411108587,0.1215039,0.06196684,58688310.0,0.3827762,947092100.0,0.0243858286696815,1.767625221145967e-05,20050810.6910696,4507196.287303895,0.2247887,0.0150095114752804,0.0251186902661835,0.004760079465953
83,0.73,0.0619668411108587,0.1215039,0.06196684,58688310.0,0.3827762,947092100.0,0.0271285359073107,0.0004019797315339,10256704.67767826,1486566.1401518562,0.144936,0.0076779003567542,0.0152214621781391,0.0015945203673846
84,0.73,0.0619668411108587,0.1215039,0.06196684,58688310.0,0.3827762,947092100.0,0.012568172069986,0.0038445853438121,2105633.91724207,308792.838240182,0.1466508,0.0015762223747721,0.0042578971071085,0.000564279901395
86,0.73,0.0619668411108587,0.1215039,0.06196684,58688310.0,0.3827762,947092100.0,0.0244135901266096,0.0044017118475301,728240.5369734168,97853.30129745284,0.1343695,0.0005451417832863,0.0047211876268809,0.0003760799095452
87,0.73,0.0619668411108587,0.1215039,0.06196684,58688310.0,0.3827762,947092100.0,0.0090610647989011,0.001618702883142,62297.271950716815,8921.498592542717,0.1432085,4.6634105355122224e-05,0.0015326542337235,0.0001097257892476
89,0.73,0.0619668411108587,0.1215039,0.06196684,58688310.0,0.3827762,947092100.0,0.0832031444304272,0.0056313905842528,5287160.55075535,581962.2085533323,0.1100708,0.003957829844434,0.0190521028569547,0.0009634321499446
90,0.73,0.0619668411108587,0.1215039,0.06196684,58688310.0,0.3827762,947092100.0,0.0327349850473032,0.0062044205423183,2443106.0741041554,344756.40544008464,0.141114,0.0018288451883357,0.0078789847928417,0.000748484052742
93,0.73,0.0619668411108587,0.1215039,0.06196684,58688310.0,0.3827762,947092100.0,0.0577179837487346,0.0143257932569473,446699.944258688,58896.95348290035,0.131849,0.0003343878730222,0.0098154977695827,0.0009499112989947
96,0.73,0.0619668411108587,0.1215039,0.06196684,58688310.0,0.3827762,947092100.0,0.0292303848248714,4.003088889328466e-07,13037472.123917976,4150537.913705016,0.3183545,0.0097595100002491,0.0184978369967859,0.0043824263655456
98,0.73,0.0619668411108587,0.1215039,0.06196684,58688310.0,0.3827762,947092100.0,0.005547275569697,0.0,28166640.109871965,7472359.627741628,0.2652911,0.0210848087123735,0.0306381645254642,0.0078897919180277
106,0.73,0.0619668411108587,0.1215039,0.06196684,58688310.0,0.3827762,947092100.0,0.0148410958132635,6.860255093226864e-06,13757289.360309076,3251797.5735744163,0.2363691,0.0102983463214423,0.0169284138719184,0.0034338795314622
107,0.73,0.0619668411108587,0.1215039,0.06196684,58688310.0,0.3827762,947092100.0,0.0253690588402593,0.0008297088057954,2816961.4592895,428803.7728263103,0.1522221,0.0021087035332421,0.0070812706767041,0.0005041726934846
111,0.73,0.0619668411108587,0.1215039,0.06196684,58688310.0,0.3827762,947092100.0,0.0029232010751064,0.0,32059160.029868357,12831090.25994354,0.4002316,0.0239986471255488,0.0343233283706099,0.0135478800908546
112,0.73,0.0619668411108587,0.1215039,0.06196684,58688310.0,0.3827762,947092100.0,0.0618480443630359,0.0011446092655853,12339024.003601125,2136216.3115787143,0.1731268,0.0092366700393964,0.0230407757474268,0.0023264806886514
113,0.73,0.0619668411108587,0.1215039,0.06196684,58688310.0,0.3827762,947092100.0,0.0147458421796206,0.002389718371228,112753.1361686984,14936.05145680305,0.1324668,8.440404317176559e-05,0.0025062254528866,0.0001638537304332
115,0.73,0.0619668411108587,0.1215039,0.06196684,58688310.0,0.3827762,947092100.0,0.0670683380334264,0.0004741177159772,23840801.68209881,3955090.795051182,0.1658959,0.0178465994188815,0.0360301855977592,0.0042054156547216
116,0.73,0.0619668411108587,0.1215039,0.06196684,58688310.0,0.3827762,947092100.0,0.0577462322844166,3.564508432772996e-05,19721138.197204284,4428365.750605411,0.2245492,0.0147627272850551,0.0301712470309332,0.0046779586499797
117,0.73,0.0619668411108587,0.1215039,0.06196684,58688310.0,0.3827762,947092100.0,0.0323547413087181,0.0022434925855783,1897383.78068819,384375.9605928506,0.2025821,0.0014203317794992,0.0072412196696681,0.000544870702247
119,0.73,0.0619668411108587,0.1215039,0.06196684,58688310.0,0.3827762,947092100.0,0.0159659688579,4.2155090174601495e-05,4763273.493235747,1035735.135197388,0.2174419,0.0035656617210227,0.0076140639881537,0.00109620716047
120,0.73,0.0619668411108587,0.1215039,0.06196684,58688310.0,0.3827762,947092100.0,0.0119116927665392,0.0027891980314783,177748.5663366295,20730.04543914616,0.1166257,0.0001330579190662,0.002116037239284,0.0001947258899315
122,0.73,0.0619668411108587,0.1215039,0.06196684,58688310.0,0.3827762,947092100.0,0.0751078131834062,0.0010653470638999,24748838.346248847,2972904.031619306,0.120123,0.018526331871625,0.0382904421904773,0.0032049970992397
123,0.73,0.0619668411108587,0.1215039,0.06196684,58688310.0,0.3827762,947092100.0,0.0024905421739845,0.0002703468154703,215671.64195971796,28770.47528099096,0.1333994,0.0001614461397477,0.0006309084787033,4.713023337961468e-05
125,0.73,0.0619668411108587,0.1215039,0.06196684,58688310.0,0.3827762,947092100.0,0.0288342247555098,1.9498715798042887e-05,8802858.123153469,2044955.7305051396,0.2323059,0.0065895889223863,0.0139625290395915,0.0021604024238703
128,0.73,0.0619668411108587,0.1215039,0.06196684,58688310.0,0.3827762,947092100.0,0.0229231877902371,0.0029154709474133,148269.54114687582,25434.83352143561,0.1715446,0.0001109906932725,0.0038675392962961,0.0002075182377419
130,0.73,0.0619668411108587,0.1215039,0.06196684,58688310.0,0.3827762,947092100.0,0.0521136408582836,0.0064944212528445,1693894.487689169,238390.8230685548,0.1407353,0.0012680050269592,0.0102250896451768,0.0006541469427857
132,0.73,0.0619668411108587,0.1215039,0.06196684,58688310.0,0.3827762,947092100.0,0.0186896344330923,0.0003181649849073,2173597.4617941133,331006.1509666388,0.1522849,0.0016270981033185,0.0053206480650989,0.0003692129978278
135,0.73,0.0619668411108587,0.1215039,0.06196684,58688310.0,0.3827762,947092100.0,0.0591836345800455,0.0019335757254394,2888173.9556386634,555950.0502345721,0.1924919,0.0021620113419689,0.012630632252019,0.0007068249551597
136,0.73,0.0619668411108587,0.1215039,0.06196684,58688310.0,0.3827762,947092100.0,0.0761112964274801,0.0159437843841483,3490985.482598866,353670.47756490594,0.1013096,0.0026132602550799,0.0160075027008714,0.0013614137079954
137,0.73,0.0619668411108587,0.1215039,0.06196684,58688310.0,0.3827762,947092100.0,0.0282727137958422,0.0053160587578334,1023144.4575758624,118983.42453536314,0.1162919,0.0007658991306368,0.0056573113720459,0.0004550496254962
138,0.73,0.0619668411108587,0.1215039,0.06196684,58688310.0,0.3827762,947092100.0,0.0797525035003376,0.0007482984773833,8072881.420168519,1635676.8262745857,0.2026138,0.0060431474907179,0.0214348268533805,0.001773421179578
140,0.73,0.0619668411108587,0.1215039,0.06196684,58688310.0,0.3827762,947092100.0,0.0868586381660352,0.0004792592469039,6822106.692431007,1498356.6874770415,0.2196325,0.0051068503046231,0.021264576719296,0.0016117583436027
142,0.73,0.0619668411108587,0.1215039,0.06196684,58688310.0,0.3827762,947092100.0,0.0711776097283199,0.0024932074130877,9128833.735061172,1466409.0366612575,0.1606349,0.0068336057236506,0.0211615967715538,0.0017028239906668
143,0.73,0.0619668411108587,0.1215039,0.06196684,58688310.0,0.3827762,947092100.0,0.0164568402126958,0.0025636665404064,394636.58574840985,56905.46796506133,0.1441971,0.0002954146071008,0.0030808457941404,0.0002189467247217
144,0.73,0.0619668411108587,0.1215039,0.06196684,58688310.0,0.3827762,947092100.0,0.0300822246814933,0.0008345871217622,4652926.071754744,740689.081722933,0.1591878,0.0034830585328272,0.0097828032839982,0.000833783306517
145,0.73,0.0619668411108587,0.1215039,0.06196684,58688310.0,0.3827762,947092100.0,0.0490400616778942,0.0061878467716219,3431543.344459719,428966.26042778575,0.1250068,0.0025687634280807,0.0115622343776312,0.0008363711421934
146,0.73,0.0619668411108587,0.1215039,0.06196684,58688310.0,0.3827762,947092100.0,0.012021925505976,2.71210769249122e-06,7826619.63615195,1486890.3561456816,0.1899786,0.0058588023722053,0.0102100464968479,0.0015701213418169
147,0.73,0.0619668411108587,0.1215039,0.06196684,58688310.0,0.3827762,947092100.0,0.0070240391743329,3.375962206833524e-42,5277927.614405534,1232458.5773279972,0.2335118,0.0039509183102208,0.0067098782160926,0.0013013080482109
153,0.73,0.0619668411108587,0.1215039,0.06196684,58688310.0,0.3827762,947092100.0,0.0189453964288691,1.153438047858438e-06,26633265.789169174,6366160.850304735,0.2390304,0.0199369648761769,0.0311881242680261,0.0067218684611179
155,0.73,0.0619668411108587,0.1215039,0.06196684,58688310.0,0.3827762,947092100.0,0.0388472598719883,0.0086817771373559,786624.5980502879,122198.86577667826,0.1553458,0.0005888465615224,0.0071194698148599,0.0006670076286422
156,0.73,0.0619668411108587,0.1215039,0.06196684,58688310.0,0.3827762,947092100.0,0.0902164435621652,3.544903855483673e-06,26670262.20076376,6247483.911861638,0.2342491,0.0199646594204489,0.0427651080917259,0.0065967100030694
157,0.73,0.0619668411108587,0.1215039,0.06196684,58688310.0,0.3827762,947092100.0,0.0904403128474996,0.0019785414507707,10436401.406487089,1737118.1294829897,0.166448,0.0078124166191977,0.0256606084664867,0.0019567636216285
161,0.73,0.0619668411108587,0.1215039,0.06196684,58688310.0,0.3827762,947092100.0,0.1007553997170216,0.0003005426024438,7976143.79118276,1935944.3415850787,0.2427168,0.0059707322365556,0.0247328000332868,0.0020627166772236
162,0.73,0.0619668411108587,0.1215039,0.06196684,58688310.0,0.3827762,947092100.0,0.0837223351033842,0.0002341191060448,24242141.20638809,5284093.259596371,0.2179714,0.0181470316701314,0.0391500260911697,0.0055937889155214
163,0.73,0.0619668411108587,0.1215039,0.06196684,58688310.0,0.3827762,947092100.0,0.0305396613464395,0.0011992898982632,2683479.0091870595,425737.5139304682,0.1586513,0.002008782068847,0.0077773894460084,0.0005238369154168
164,0.73,0.0619668411108587,0.1215039,0.06196684,58688310.0,0.3827762,947092100.0,0.0351004769702364,6.882984194058037e-06,29183686.182444427,8338483.977113557,0.2857242,0.0218461427517979,0.0364963322937567,0.0088047275366409
165,0.73,0.0619668411108587,0.1215039,0.06196684,58688310.0,0.3827762,947092100.0,0.0985278317030529,0.0271904873937238,368575.6298226381,49255.7042000264,0.133638,0.0002759060583917,0.0163396300335359,0.0017369159131305
166,0.73,0.0619668411108587,0.1215039,0.06196684,58688310.0,0.3827762,947092100.0,0.0286123807698108,0.002088904866074,1265374.3572405083,206376.7411515017,0.1630954,0.0009472260861744,0.0059680610614185,0.0003473485077038
168,0.73,0.0619668411108587,0.1215039,0.06196684,58688310.0,0.3827762,947092100.0,0.039730912754853,0.0022790542176901,2789309.164769938,411547.63431853184,0.1475446,0.0020880037501608,0.0093770841011118,0.0005757639232408
172,0.73,0.0619668411108587,0.1215039,0.06196684,58688310.0,0.3827762,947092100.0,0.087580634425425,0.0293018556830574,2358638.147315816,194401.56588640896,0.08242111,0.0017656147117252,0.0166686455859393,0.0020210049564634
173,0.73,0.0619668411108587,0.1215039,0.06196684,58688310.0,0.3827762,947092100.0,0.0597087088973915,0.0073024914777251,1408492.600274101,219325.24980529005,0.1557163,0.0010543606526631,0.0111532938742138,0.0006840898587748
175,0.73,0.0619668411108587,0.1215039,0.06196684,58688310.0,0.3827762,947092100.0,0.0960110834519954,0.0107433048301359,5113610.229302399,623699.1177316516,0.1219685,0.0038279146214776,0.0209423078475412,0.0013242698075119
177,0.73,0.0619668411108587,0.1215039,0.06196684,58688310.0,0.3827762,947092100.0,0.0700711596270911,0.0005262450929006,5829763.300569786,1435741.2330899488,0.2462778,0.0043640080446743,0.0174991077679557,0.0015485565341583
178,0.73,0.0619668411108587,0.1215039,0.06196684,58688310.0,0.3827762,947092100.0,0.0389007150575163,0.0004794032255487,5490803.385103689,1003401.1699475456,0.1827421,0.0041102715340048,0.0120950943224178,0.0010891617919283
181,0.73,0.0619668411108587,0.1215039,0.06196684,58688310.0,0.3827762,947092100.0,0.0792715749408212,0.012887717182314,4270910.450849346,497271.7933151331,0.1164323,0.0031970916492902,0.0173426078955771,0.001323662267592
182,0.73,0.0619668411108587,0.1215039,0.06196684,58688310.0,0.3827762,947092100.0,0.0687608046078342,0.0128876574213185,1831111.174172772,220992.63819989483,0.1206877,0.001370721842858,0.0130649462381598,0.0010319454839541
184,0.73,0.0619668411108587,0.1215039,0.06196684,58688310.0,0.3827762,947092100.0,0.0145237507372216,0.000493593246052,6349.735938655878,1105.5044215007674,0.1741024,4.75324593627052e-06,0.002357924065671,3.175367603822446e-05
185,0.73,0.0619668411108587,0.1215039,0.06196684,58688310.0,0.3827762,947092100.0,0.0946934887114615,0.0248452171587587,4367564.905962366,449126.6649696186,0.1028323,0.0032694446416708,0.019941283153432,0.0020137960841665
188,0.73,0.0619668411108587,0.1215039,0.06196684,58688310.0,0.3827762,947092100.0,0.0024437413179905,5.8931895019522765e-06,731901.4545380158,92754.77630178707,0.1267312,0.0005478822502451,0.0011684002116441,9.830156667684907e-05
189,0.73,0.0619668411108587,0.1215039,0.06196684,58688310.0,0.3827762,947092100.0,0.0567660967927651,0.0001481523670258,25902788.30324311,5301201.214840116,0.2046576,0.0193901485715213,0.0365395537702553,0.0056065254940588
190,0.73,0.0619668411108587,0.1215039,0.06196684,58688310.0,0.3827762,947092100.0,0.0385658355354016,0.0,45317212.53656483,13705694.138922386,0.302439,0.0339232778202948,0.0540921338199217,0.0144713424186346
192,0.73,0.0619668411108587,0.1215039,0.06196684,58688310.0,0.3827762,947092100.0,0.0,0.0,7763.699950264912,995.7822752140264,0.1282613,5.811702344087077e-06,8.197407535657567e-06,1.051410175432548e-06
195,0.73,0.0619668411108587,0.1215039,0.06196684,58688310.0,0.3827762,947092100.0,0.3698684951164482,0.0,5094358.1311479695,901139.6494090628,0.1768897,0.0038135030052779,0.0652561834976201,0.0009514804796769
197,0.73,0.0619668411108587,0.1215039,0.06196684,58688310.0,0.3827762,947092100.0,0.0052181162512085,0.0029764672590287,30740.87614078247,2840.371822986399,0.09239723,2.301181435026735e-05,0.0008772080888956,0.0001874413186949
199,0.73,0.0619668411108587,0.1215039,0.06196684,58688310.0,0.3827762,947092100.0,0.0053751663232627,0.0041348010138346,70390.70363952951,7614.352335639739,0.1081727,5.269263623845143e-05,0.0009444974026994,0.0002642602742873
