event_idx,h,d_hat,sigma_dL,z_true,host_galaxy_index,n_cand_no_bh,n_cand_with_bh,f_bar_z_true,f_k_z_true,L_cat_no_bh,B_num,D_tilde_phi
0,0.73,3.2201355649358168,0.0009481805129169511,,-1,0,0,,,0.0,42998891.120646715,947092103.9967711
1,0.73,3.8076770221225926,0.07115028166078473,,-1,0,0,,,0.0,40657025.62040524,947092103.9967711
2,0.73,5.08656017239729,0.0011506755254398911,,-1,0,0,,,0.0,14480424.752650978,947092103.9967711
3,0.73,3.9265116798896846,0.028405814276075594,,-1,0,0,,,0.0,28963154.574139073,947092103.9967711
4,0.73,4.496141348486518,0.021489407121207414,,-1,0,0,,,0.0,18089456.88959603,947092103.9967711
5,0.73,2.3772079305668257,0.001093069269962801,,-1,0,0,,,0.0,53767472.00454408,947092103.9967711
6,0.73,1.889694820217202,0.01810775182300939,,-1,51,51,,,0.0064592192628825755,46197046.81222426,947092103.9967711
7,0.73,0.8769829485921039,0.008350143114679803,,-1,44,44,,,0.010963743821343516,1466066.36861528,947092103.9967711
8,0.73,3.988678199226813,0.12613463651255113,,-1,0,0,,,0.0,29156318.962294724,947092103.9967711
10,0.73,1.8370563546214267,0.03933929263868124,,-1,0,0,,,0.0,37736031.14705827,947092103.9967711
12,0.73,3.060675190916884,0.12161660741876415,,-1,0,0,,,0.0,51328009.36470078,947092103.9967711
13,0.73,2.151547812913807,0.0009587981145779579,,-1,2,2,,,0.0027955804325797656,42886185.59529669,947092103.9967711
14,0.73,2.822630842580219,0.025704789354843972,,-1,0,0,,,0.0,58640935.094371185,947092103.9967711
15,0.73,1.8573402716113268,0.0032522237457575085,,-1,391,391,,,0.006551918676765994,41268707.00200758,947092103.9967711
16,0.73,1.9052246916241729,9.384412490790375e-05,,-1,83,83,,,0.003177158299774389,43855146.58063327,947092103.9967711
17,0.73,3.056809154229814,0.1757492214212968,,-1,443,443,,,2.1443757301971118e-06,54859069.150609635,947092103.9967711
19,0.73,2.8666060478059108,0.08694200916678312,,-1,972,972,,,0.0001974256523643613,55187020.84495964,947092103.9967711
20,0.73,2.152792822341304,0.05314190802587634,,-1,0,0,,,0.0,56927162.017924756,947092103.9967711
22,0.73,5.121927937262964,0.03837180142476503,,-1,0,0,,,0.0,13238222.654619861,947092103.9967711
23,0.73,3.325583651082099,0.19860106041903577,,-1,2143,2143,,,2.9633025457766306e-05,50626777.16464861,947092103.9967711
24,0.73,2.6664433786443804,0.05456420517073625,,-1,26,26,,,1.3967087028243603e-06,47510689.21502495,947092103.9967711
25,0.73,2.318089907256328,0.11256281605924578,,-1,184,184,,,2.9814180199586712e-06,59488199.248515435,947092103.9967711
26,0.73,2.0218048884973903,0.03447817873100028,,-1,1194,1194,,,0.0048552895366116055,34884490.18088722,947092103.9967711
27,0.73,3.0709169026575918,0.18446537202582874,,-1,281,281,,,0.00016971298107812152,50975583.42793531,947092103.9967711
28,0.73,2.4195528655548983,0.0024995486106314936,,-1,457,457,,,0.0002193079631448711,57005967.34517605,947092103.9967711
29,0.73,2.036107047330709,0.11349321017780271,,-1,77,77,,,0.00018237143392749536,53448627.75842304,947092103.9967711
30,0.73,1.843241843735794,0.07159954608414358,,-1,4711,4711,,,0.01022424424944664,44410741.812280886,947092103.9967711
31,0.73,1.3318406714570217,0.009844982801163697,,-1,3641,3641,,,0.04713075384884114,23800903.864002515,947092103.9967711
32,0.73,3.3352421530925302,0.03687817481240632,,-1,74,74,,,5.5460146033205025e-09,46060416.16169142,947092103.9967711
33,0.73,2.808497253058918,0.08504880474257472,,-1,51,51,,,1.2263229321838819e-05,58394772.619803764,947092103.9967711
34,0.73,4.778920116625171,0.1692333907125216,,-1,0,0,,,0.0,20345535.717512514,947092103.9967711
36,0.73,3.0381106810192064,0.059371071782562596,,-1,0,0,,,0.0,34912546.40517882,947092103.9967711
37,0.73,3.43299782820308,0.04098816973764137,,-1,37,37,,,5.429466105972675e-07,45074363.41526862,947092103.9967711
38,0.73,2.5766182191579183,0.08224216341614318,,-1,209,209,,,2.8980937505167865e-05,55045704.71232534,947092103.9967711
39,0.73,4.233977257877426,0.0014316570944745673,,-1,0,0,,,0.0,28928937.96034521,947092103.9967711
41,0.73,1.759540130792388,0.0009172211206944647,,-1,0,0,,,0.0,34179705.664912656,947092103.9967711
42,0.73,1.2870885368960991,0.005966107223306383,,-1,20,20,,,0.02578848405589079,16031197.113058528,947092103.9967711
43,0.73,5.055080710673992,6.876249567366295e-05,,-1,0,0,,,0.0,11336525.230943803,947092103.9967711
44,0.73,3.684182660222171,0.0018761728331469392,,-1,0,0,,,0.0,42779698.67359308,947092103.9967711
45,0.73,2.3690283364128986,0.0905903133451033,,-1,281,281,,,0.0012108782695902489,54911850.557639465,947092103.9967711
46,0.73,1.3947216587375089,0.05129500653825087,,-1,155,155,,,0.013073899962979627,9793134.025484242,947092103.9967711
47,0.73,2.4753386691529027,0.04995467559096846,,-1,322,322,,,7.210599745179788e-05,48471060.50982382,947092103.9967711
48,0.73,1.6727886479217366,0.002945937690563605,,-1,155,155,,,0.00920890455736934,33531866.933337275,947092103.9967711
49,0.73,2.711242964929812,0.14357685494860375,,-1,0,0,,,0.0,51464855.99165795,947092103.9967711
50,0.73,1.9486225565822648,0.0376455375904117,,-1,57,57,,,0.0006943011017925525,34757640.62671715,947092103.9967711
51,0.73,1.669743831431596,7.984272873243278e-05,,-1,0,0,,,0.0,39263496.34765558,947092103.9967711
52,0.73,2.6712476468123643,0.18871218448482413,,-1,9323,9323,,,2.3898283416675163e-05,28065317.08285001,947092103.9967711
53,0.73,3.030894203187115,0.24445282426031878,,-1,0,0,,,0.0,54130796.680453904,947092103.9967711
54,0.73,1.7921281177464472,0.016920098117974968,,-1,548,548,,,0.003908007668080997,31468772.572410014,947092103.9967711
55,0.73,2.051505061775819,0.18941004288312618,,-1,2032,2032,,,0.008260009315945144,48796268.825921476,947092103.9967711
56,0.73,3.0842606233814376,0.0018865537370866573,,-1,1,1,,,1.229923947438533e-10,54836707.28853118,947092103.9967711
57,0.73,1.6619912642159755,0.0009942505631480136,,-1,2,2,,,0.002798310540181875,33104767.773113485,947092103.9967711
58,0.73,1.4642468180282524,0.1354181033060713,,-1,11620,11620,,,0.032916009218503454,28332614.144819424,947092103.9967711
59,0.73,1.764914410351148,0.00195377064257263,,-1,45,45,,,0.010816088617334652,41582558.44650566,947092103.9967711
60,0.73,2.240203733211389,0.06276414986393905,,-1,0,0,,,0.0,33742095.623252034,947092103.9967711
61,0.73,1.7905201174388117,0.00488250875490531,,-1,7,7,,,0.010501989161551437,46384472.452455774,947092103.9967711
62,0.73,5.233360272278052,0.07835553523735704,,-1,0,0,,,0.0,10986917.194873407,947092103.9967711
63,0.73,2.8914890548023933,0.04706538700264877,,-1,9,9,,,4.560371771856098e-07,27849091.222411335,947092103.9967711
64,0.73,4.463122396981796,0.08194169076206202,,-1,0,0,,,0.0,14684429.278945154,947092103.9967711
65,0.73,2.748375225859008,0.08952203705933418,,-1,64,64,,,0.00028539281516841723,29469418.627336036,947092103.9967711
66,0.73,2.077095542186198,0.01316271387804202,,-1,0,0,,,0.0,28822316.470708136,947092103.9967711
67,0.73,4.130124529250268,0.02738739464561023,,-1,1,1,,,1.211595735266741e-18,32706057.35347205,947092103.9967711
69,0.73,1.3046547382803249,0.0038459918980752075,,-1,0,0,,,0.0,12859301.972455245,947092103.9967711
70,0.73,3.637266132132001,0.04644092364704109,,-1,5,5,,,7.0851606121565384e-09,38669726.632603616,947092103.9967711
71,0.73,1.1643015894458733,0.002844941515135428,,-1,596,596,,,0.06294979065404187,14970105.416956995,947092103.9967711
72,0.73,1.3714511785844463,0.12903001566024977,,-1,2119,2119,,,0.009189983969003114,7678677.763519483,947092103.9967711
73,0.73,2.540055064002731,0.0009819254871867896,,-1,0,0,,,0.0,38044787.866939664,947092103.9967711
74,0.73,2.970701361398528,0.0016507349922143426,,-1,29,29,,,1.7171259026137323e-05,38207272.01550969,947092103.9967711
75,0.73,4.760023053275165,0.046017433580136775,,-1,0,0,,,0.0,19835779.615731243,947092103.9967711
76,0.73,2.793109122724194,0.10230679955623624,,-1,0,0,,,0.0,41152606.03793795,947092103.9967711
77,0.73,3.648682887661761,0.0021783989006792944,,-1,0,0,,,0.0,28491313.39120812,947092103.9967711
78,0.73,1.632531244239279,0.11714020416390608,,-1,0,0,,,0.0,39530018.86907759,947092103.9967711
79,0.73,1.372706039884452,0.0017501018374961417,,-1,27,27,,,0.01984924271165025,15756494.18483294,947092103.9967711
80,0.73,1.075633859154593,0.0191430703563979,,-1,60,60,,,0.03832595626975031,9716273.452456784,947092103.9967711
81,0.73,1.8290774616495016,0.09704558798239825,,-1,284,284,,,0.0034373051923446045,14453564.581095416,947092103.9967711
82,0.73,3.71902036549234,0.10852584591141227,,-1,6,6,,,3.294166035320379e-11,13190565.580358384,947092103.9967711
83,0.73,2.356654623389399,0.011084684842615057,,-1,3,3,,,5.354450764473379e-05,54551029.93120675,947092103.9967711
84,0.73,5.754292768649135,0.11157175555535101,,-1,0,0,,,0.0,4451252.421144255,947092103.9967711
85,0.73,1.6248800202404794,0.05044371640011073,,-1,744,744,,,0.013889585358550857,27606373.113855105,947092103.9967711
86,0.73,0.8112985052019921,0.0016941448866102694,,-1,44,44,,,0.11003517059384588,5825251.485140452,947092103.9967711
88,0.73,5.293580386438476,0.1795855235549784,,-1,0,0,,,0.0,8935611.23762167,947092103.9967711
89,0.73,1.5120091315954498,0.0058745934998810445,,-1,56,56,,,0.0004834532353227196,39290512.9276365,947092103.9967711
90,0.73,1.5676435627397187,0.0003188250948900498,,-1,0,0,,,0.0,27862762.643844943,947092103.9967711
91,0.73,2.921697793381537,0.0040206484454730525,,-1,31,31,,,8.360610108150456e-05,50049258.287109286,947092103.9967711
92,0.73,2.244490543412886,0.029114642816069375,,-1,397,397,,,0.0022801898392104314,52937327.89643946,947092103.9967711
93,0.73,1.2397489299095898,0.010386804300611426,,-1,32,32,,,0.028037954021876445,16259621.816412315,947092103.9967711
94,0.73,1.3223120901629504,0.03615909066302415,,-1,2041,2041,,,0.0526908753568861,22420807.926846884,947092103.9967711
95,0.73,2.0525165168319,0.013744495732226773,,-1,752,752,,,0.004126381902686372,48312192.85003639,947092103.9967711
97,0.73,0.6273218579099814,0.004260680947930493,,-1,1117,1114,,,0.044485745109897556,2029393.9145990175,947092103.9967711
98,0.73,1.5020684972438758,0.10175851839776265,,-1,29521,29519,,,0.03178691457325279,30667527.86036207,947092103.9967711
99,0.73,3.703157750801183,0.00033004519961525824,,-1,0,0,,,0.0,11277820.98151787,947092103.9967711
100,0.73,2.244981550961637,0.056006955969145476,,-1,2027,2027,,,0.00030234225185544176,33375735.23597063,947092103.9967711
101,0.73,2.962606359749608,0.09010826256214188,,-1,19,19,,,5.099146185026989e-08,50842866.50286878,947092103.9967711
102,0.73,1.0330993365942978,0.0011966546923011271,,-1,6,6,,,0.02946346727039747,7935858.616862896,947092103.9967711
103,0.73,4.554844236169754,0.0010504956534154808,,-1,0,0,,,0.0,22537126.323314678,947092103.9967711
104,0.73,2.030157055092196,0.03725733687928728,,-1,0,0,,,0.0,42030307.83810072,947092103.9967711
105,0.73,3.5923702491327734,0.04423855131937754,,-1,0,0,,,0.0,32716904.979033355,947092103.9967711
106,0.73,2.232739039118505,0.030285482762553086,,-1,118,118,,,0.001430251965643976,34534798.15043208,947092103.9967711
107,0.73,2.3639258024158623,0.2101367340932558,,-1,7258,7258,,,0.0025993606104141413,56584220.55224118,947092103.9967711
108,0.73,3.849015601086116,0.1803861661495917,,-1,0,0,,,0.0,32792225.162471164,947092103.9967711
109,0.73,1.0767681660209305,0.08767696204242025,,-1,1326,1326,,,0.025288205524955528,5136917.083802176,947092103.9967711
110,0.73,1.0950707778188435,0.01361516971179941,,-1,177,177,,,0.029314879270391045,13692142.580863964,947092103.9967711
111,0.73,1.4405725006413654,0.037408107216203815,,-1,1333,1333,,,0.037574692054391436,22044440.00851062,947092103.9967711
112,0.73,5.644257368534499,0.09798197157888384,,-1,0,0,,,0.0,5695121.554266145,947092103.9967711
113,0.73,2.879832252900551,0.04026419504205939,,-1,0,0,,,0.0,46619066.07562481,947092103.9967711
114,0.73,1.1801006382849488,0.031210360160368225,,-1,10795,10795,,,0.05605578268172122,15486902.875392096,947092103.9967711
115,0.73,2.307542588448377,0.0015050737656112703,,-1,6,6,,,0.0005311641592717775,51746176.05218679,947092103.9967711
116,0.73,3.2603178229361647,0.0003380792391414638,,-1,0,0,,,0.0,15287118.883314224,947092103.9967711
117,0.73,3.222741509916568,0.022665122306402847,,-1,0,0,,,0.0,50489881.09737415,947092103.9967711
118,0.73,1.8053906914060265,0.0005330424866370995,,-1,1,1,,,0.00011238847538562856,42630132.30518413,947092103.9967711
119,0.73,3.018592188285478,0.07759311734942152,,-1,80,80,,,0.00011182178484136304,50570396.801778525,947092103.9967711
120,0.73,3.258305768169867,0.059254363155351694,,-1,0,0,,,0.0,51910538.03239188,947092103.9967711
121,0.73,1.2205320366712429,0.05329502821441227,,-1,912,912,,,0.05500551919307027,19650451.776429206,947092103.9967711
122,0.73,4.549552802515912,0.016950075087966424,,-1,0,0,,,0.0,17768139.513365738,947092103.9967711
123,0.73,2.236166065746308,0.05771495754860433,,-1,0,0,,,0.0,44748145.400047794,947092103.9967711
124,0.73,1.7541971197146242,0.07494455791191512,,-1,607,607,,,0.012889300142251649,40262860.3721939,947092103.9967711
125,0.73,4.6073067125434255,0.07648539369918939,,-1,0,0,,,0.0,10609161.99834645,947092103.9967711
126,0.73,2.6334525995163944,0.0002618160858438464,,-1,2,2,,,8.663846505008264e-08,55395491.29394743,947092103.9967711
127,0.73,2.8506419210497325,0.10077177897121296,,-1,0,0,,,0.0,47157532.32703324,947092103.9967711
128,0.73,1.536458160184752,0.04058905556871212,,-1,174,174,,,0.017717203533131477,27745695.545602,947092103.9967711
129,0.73,4.284396622430465,0.0009692188091311909,,-1,0,0,,,0.0,30399536.65052093,947092103.9967711
130,0.73,5.375489268985204,0.0007764467209021892,,-1,0,0,,,0.0,8301408.541135828,947092103.9967711
131,0.73,2.0430408882209137,0.03531307311487348,,-1,125,125,,,0.0010989065387330501,44225111.52099072,947092103.9967711
132,0.73,1.7219732114241657,0.032024217387670854,,-1,8,8,,,9.456570900218904e-05,31942101.32980576,947092103.9967711
133,0.73,2.8656088018069026,0.08423451407280332,,-1,387,387,,,0.00010925239350112127,49485417.79811517,947092103.9967711
134,0.73,4.706165200243443,0.19886204555608897,,-1,0,0,,,0.0,13515053.79639176,947092103.9967711
135,0.73,2.3929188131436145,0.14134232589520523,,-1,249,249,,,0.00013034061342587913,59454920.84684738,947092103.9967711
136,0.73,1.4558029457529968,0.10856423784739153,,-1,15189,15161,,,0.017058203428763494,17607502.58497379,947092103.9967711
138,0.73,2.0497765268131696,0.023726239893407046,,-1,0,0,,,0.0,18888995.604698293,947092103.9967711
139,0.73,3.175562810798077,0.046062031177400334,,-1,25,25,,,1.5176791253494239e-05,46607047.84887353,947092103.9967711
140,0.73,3.75854308519904,0.10446365678959357,,-1,2,2,,,1.7260648801780176e-12,7442775.057457105,947092103.9967711
141,0.73,2.975511574787482,0.14247757567637617,,-1,0,0,,,0.0,47539763.822162576,947092103.9967711
142,0.73,3.3514898616876345,0.024095266172605358,,-1,0,0,,,0.0,33576314.51537943,947092103.9967711
143,0.73,1.5247728436046126,0.03166925421137353,,-1,775,775,,,0.03432305947282019,30733462.281136084,947092103.9967711
144,0.73,3.677435982865636,0.0008608735335273627,,-1,0,0,,,0.0,41621207.04467349,947092103.9967711
145,0.73,1.4530643694249632,0.0057844139180160264,,-1,3422,3422,,,0.021270802747202607,27321788.58975597,947092103.9967711
146,0.73,1.859290813473066,0.02599484872426843,,-1,400,400,,,0.011784051660839668,39381483.21671044,947092103.9967711
147,0.73,2.4342665101000884,0.001829240680499091,,-1,0,0,,,0.0,60315596.89963993,947092103.9967711
148,0.73,2.1752839713411567,0.010561128023156428,,-1,244,244,,,0.00432722558461006,53713777.240156494,947092103.9967711
149,0.73,1.1864158780202598,0.08001138522821612,,-1,4,4,,,1.5157051666317984e-10,12066991.655700363,947092103.9967711
150,0.73,3.245295548739823,0.03785986286342569,,-1,0,0,,,0.0,52182073.37435578,947092103.9967711
151,0.73,2.2697980345541837,0.052074054855819514,,-1,0,0,,,0.0,26309939.260515753,947092103.9967711
153,0.73,3.6747809306963566,0.009644674229432777,,-1,0,0,,,0.0,22370381.339925107,947092103.9967711
154,0.73,0.4430128008907184,0.027887248368702496,,-1,0,0,,,0.0,2530253.313106884,947092103.9967711
155,0.73,4.9680877516978805,0.15452349663305512,,-1,0,0,,,0.0,15125119.120961888,947092103.9967711
156,0.73,1.230797490496962,0.05425440969550033,,-1,12973,12972,,,0.05536887219755065,15409324.649992105,947092103.9967711
157,0.73,2.6514881826274723,0.12762150977094144,,-1,119,119,,,1.2045027764894334e-05,35931226.196062855,947092103.9967711
158,0.73,2.2335082397013024,0.10265847404254799,,-1,0,0,,,0.0,51771739.76714327,947092103.9967711
159,0.73,2.1258906948818805,0.19817782142849158,,-1,4448,4448,,,0.0009396767152533143,23459645.41122723,947092103.9967711
160,0.73,2.4131862582139325,0.0025697905646350793,,-1,1,1,,,6.978838422961824e-06,47992721.36527556,947092103.9967711
163,0.73,2.995108598237838,0.038712461620471775,,-1,10,10,,,7.261046465208522e-06,56280923.97645027,947092103.9967711
164,0.73,2.1462381666760493,0.14242913521693798,,-1,0,0,,,0.0,56127663.57942241,947092103.9967711
165,0.73,1.564305926396452,0.02796301736102168,,-1,218,218,,,0.015266275222710072,32973908.981627654,947092103.9967711
166,0.73,3.5590100964347218,0.030426028967494263,,-1,5,5,,,3.3156708053775692e-09,42536838.964166254,947092103.9967711
167,0.73,2.975879536044597,0.14511830680743418,,-1,175,175,,,4.875312793112702e-06,56257354.89013587,947092103.9967711
168,0.73,1.6939095147717442,0.09013845348873199,,-1,22564,22557,,,0.01588019594263384,35516590.27542424,947092103.9967711
169,0.73,4.911813543119291,0.026909669139368843,,-1,0,0,,,0.0,17751779.433337443,947092103.9967711
170,0.73,2.9979831944658706,0.10432941259785995,,-1,71,71,,,6.938265993791162e-05,45712895.735029876,947092103.9967711
172,0.73,1.821802257291876,0.01522270262924754,,-1,191,191,,,0.0037728730094462337,44262364.32552795,947092103.9967711
173,0.73,1.2056269705738338,0.02742408546112158,,-1,360,360,,,0.03978916101662313,16144718.95389522,947092103.9967711
175,0.73,4.034402309585354,0.15885885845193556,,-1,0,0,,,0.0,36517914.87880658,947092103.9967711
176,0.73,1.1736945332299245,0.0008318026358840229,,-1,4,4,,,0.037854328352417616,12366974.76622548,947092103.9967711
177,0.73,1.2328415307983431,0.055136107107656776,,-1,0,0,,,0.0,26007891.46796905,947092103.9967711
178,0.73,3.2641726912581923,0.03308006899435066,,-1,2,2,,,2.4316412812122597e-09,33305763.955842312,947092103.9967711
179,0.73,2.6524802090704283,0.05558891068857169,,-1,87,87,,,3.906056405853645e-06,31486772.23154195,947092103.9967711
180,0.73,5.22079133862796,0.1581333732906789,,-1,0,0,,,0.0,4179373.1858407203,947092103.9967711
182,0.73,1.0732463422501186,0.04677460572457025,,-1,2372,2372,,,0.03153528924287842,12576489.731952833,947092103.9967711
183,0.73,1.115883052112716,0.0347280305064684,,-1,139,139,,,0.042534665998989224,17244004.95434984,947092103.9967711
184,0.73,1.9878676954131047,0.11646108887672182,,-1,1235,1235,,,0.00041435524073629455,6240745.021129212,947092103.9967711
185,0.73,2.9194911766175182,0.1572914356537167,,-1,116,116,,,2.6129545644548357e-05,43237420.98353989,947092103.9967711
186,0.73,2.258389732015932,0.001076779933903622,,-1,0,0,,,0.0,31690424.080127575,947092103.9967711
187,0.73,4.5056168604181215,0.06072439209534007,,-1,0,0,,,0.0,26347859.580365658,947092103.9967711
188,0.73,1.4801885327274682,0.14622123650151916,,-1,5868,5868,,,0.02870387882854645,24940280.87380122,947092103.9967711
189,0.73,1.673896691512364,0.06047726273991243,,-1,1895,1895,,,0.021495648933722498,35744620.515707254,947092103.9967711
192,0.73,1.589553972100439,0.008240467935524496,,-1,502,502,,,0.02927931164105961,35621709.73476441,947092103.9967711
193,0.73,1.9337449792636745,0.15570060449504267,,-1,8317,8310,,,0.004784455467318754,32781003.823976103,947092103.9967711
194,0.73,3.213569295546379,0.06657792989899655,,-1,206,206,,,9.702570516254883e-10,19869422.377179123,947092103.9967711
195,0.73,2.1214337575055167,0.10190603214712021,,-1,0,0,,,0.0,54579174.68231485,947092103.9967711
196,0.73,0.9666916185305025,0.0035784459428130255,,-1,538,538,,,0.05060502040308377,9281031.463330042,947092103.9967711
197,0.73,2.7644272241120342,0.02568509447390451,,-1,137,137,,,0.00053394792624629,51084801.72809605,947092103.9967711
198,0.73,1.9342118629445213,0.05613317158518927,,-1,423,423,,,0.004362259734633194,46347588.48722859,947092103.9967711
199,0.73,5.233755118338701,0.0007759355672506025,,-1,0,0,,,0.0,10665021.187463786,947092103.9967711
