M,mu,a,p0,e0,x0,dist,qS,phiS,qK,phiK,Phi_theta0,Phi_phi0,Phi_r0,delta_M_delta_M,delta_mu_delta_M,delta_mu_delta_mu,delta_a_delta_M,delta_a_delta_mu,delta_a_delta_a,delta_p0_delta_M,delta_p0_delta_mu,delta_p0_delta_a,delta_p0_delta_p0,delta_e0_delta_M,delta_e0_delta_mu,delta_e0_delta_a,delta_e0_delta_p0,delta_e0_delta_e0,delta_x0_delta_M,delta_x0_delta_mu,delta_x0_delta_a,delta_x0_delta_p0,delta_x0_delta_e0,delta_x0_delta_x0,delta_dist_delta_M,delta_dist_delta_mu,delta_dist_delta_a,delta_dist_delta_p0,delta_dist_delta_e0,delta_dist_delta_x0,delta_dist_delta_dist,delta_qS_delta_M,delta_qS_delta_mu,delta_qS_delta_a,delta_qS_delta_p0,delta_qS_delta_e0,delta_qS_delta_x0,delta_qS_delta_dist,delta_qS_delta_qS,delta_phiS_delta_M,delta_phiS_delta_mu,delta_phiS_delta_a,delta_phiS_delta_p0,delta_phiS_delta_e0,delta_phiS_delta_x0,delta_phiS_delta_dist,delta_phiS_delta_qS,delta_phiS_delta_phiS,delta_qK_delta_M,delta_qK_delta_mu,delta_qK_delta_a,delta_qK_delta_p0,delta_qK_delta_e0,delta_qK_delta_x0,delta_qK_delta_dist,delta_qK_delta_qS,delta_qK_delta_phiS,delta_qK_delta_qK,delta_phiK_delta_M,delta_phiK_delta_mu,delta_phiK_delta_a,delta_phiK_delta_p0,delta_phiK_delta_e0,delta_phiK_delta_x0,delta_phiK_delta_dist,delta_phiK_delta_qS,delta_phiK_delta_phiS,delta_phiK_delta_qK,delta_phiK_delta_phiK,delta_Phi_theta0_delta_M,delta_Phi_theta0_delta_mu,delta_Phi_theta0_delta_a,delta_Phi_theta0_delta_p0,delta_Phi_theta0_delta_e0,delta_Phi_theta0_delta_x0,delta_Phi_theta0_delta_dist,delta_Phi_theta0_delta_qS,delta_Phi_theta0_delta_phiS,delta_Phi_theta0_delta_qK,delta_Phi_theta0_delta_phiK,delta_Phi_theta0_delta_Phi_theta0,delta_Phi_phi0_delta_M,delta_Phi_phi0_delta_mu,delta_Phi_phi0_delta_a,delta_Phi_phi0_delta_p0,delta_Phi_phi0_delta_e0,delta_Phi_phi0_delta_x0,delta_Phi_phi0_delta_dist,delta_Phi_phi0_delta_qS,delta_Phi_phi0_delta_phiS,delta_Phi_phi0_delta_qK,delta_Phi_phi0_delta_phiK,delta_Phi_phi0_delta_Phi_theta0,delta_Phi_phi0_delta_Phi_phi0,delta_Phi_r0_delta_M,delta_Phi_r0_delta_mu,delta_Phi_r0_delta_a,delta_Phi_r0_delta_p0,delta_Phi_r0_delta_e0,delta_Phi_r0_delta_x0,delta_Phi_r0_delta_dist,delta_Phi_r0_delta_qS,delta_Phi_r0_delta_phiS,delta_Phi_r0_delta_qK,delta_Phi_r0_delta_phiK,delta_Phi_r0_delta_Phi_theta0,delta_Phi_r0_delta_Phi_phi0,delta_Phi_r0_delta_Phi_r0,T,dt,SNR,generation_time
1927742.5207257268,81.36961641540371,0.8621812039469534,11.764840475387183,0.4731715033603634,0.7412514828034806,1.3824757833382924,2.02361510751014,2.515341340352975,3.10473978091682,4.538871870078414,4.919538527048717,3.206683550035259,4.314836793673878,2.1481203758549722e-08,-1.087872990405105e-09,1.2916688407173647e-09,5.323332139567327e-12,-2.157772477703371e-12,1.0388782187666625e-11,3.9877091140011586e-11,-7.203593651059706e-11,-2.250410878628365e-11,7.208769035381329e-11,-3.794632397799732e-12,7.108465100955081e-12,3.578926878075921e-12,-1.449295109019514e-11,3.4960070300604944e-12,-3.440004057597636e-11,5.6676632972033553e-11,7.866662209123473e-12,-3.338866660103075e-11,7.226434560452211e-12,1.7873575023061215e-11,-2.3064591282334662e-06,4.9276568296267225e-06,-6.554667965236693e-07,3.2238539271617647e-06,-9.702713571435888e-07,-1.7870399188978714e-06,0.4603678940038179,-3.497013572773937e-05,0.00061272111813,2.8638937132183048e-05,-0.0001013184644204,1.6954098567086592e-05,4.63004419934134e-05,-0.3062253987590479,40966.4569171118,-0.0491840793047226,0.0306218049510439,0.0047519106086288,-0.0108294818163601,0.0011016150185519,0.0046928776520859,46.77988939872301,-585579.9779925018,1599294058765.1094,1.5314411317275063e-05,-0.0002680332411121,-1.2569049571338753e-05,4.440629764914812e-05,-7.4292248722518114e-06,-2.027552319988854e-05,0.1381256425143992,-17920.092170814634,181999.2966830248,7838.853595192803,-0.0500267837617418,0.0455602748617047,0.0054533588284147,-0.0133062342084893,0.0015159894242849,0.0058235228651277,39.08906965238154,413613.2375201928,1599283907975.4917,-180992.58932381,1599293996983.2766,6.4952373662675696e-06,-7.304125915440157e-06,2.125320092992969e-07,-8.138249850116696e-07,2.809936772520709e-07,4.103690222152837e-07,-0.1391673055150316,-2.7042426342828385,84.57340533403655,1.1827212808565966,18.770140265200347,0.0958625030905195,-0.0008367578148291,0.0149422037217097,0.0007021017876905,-0.0024793402978249,0.000414960249369,0.0011319256309128,-7.83209858927062,999894.899275152,-10158099.379406575,-437387.4582648123,14229866.20020214,-65.76662011415999,24405092.10548098,-9.880343942647862e-07,1.6104544639887398e-06,-5.8710784524315055e-08,9.27754388854466e-08,-1.4202947795777756e-08,-4.279922806699039e-08,0.0115858044779132,-1.917307965404483,-87.9278346878309,0.8386925129590759,-134.70459816992107,-0.0173079884762627,-46.82706535139504,0.0157674545593825,4,5,10.497817710976806,0.308
1974110.980323333,89.72297457124107,0.3527659176421823,12.302735415728348,0.4171904276154924,0.9569134798793404,0.3952588050394652,0.6966756013029841,5.176133134930787,2.608492259327305,0.9803364056571308,5.062164367012794,0.5340893287144445,5.957156377237063,3.0693651173739947e-09,3.3686751313918782e-09,3.923407608573738e-09,-1.674440347869336e-11,-1.6217531995908203e-11,5.650923561335262e-13,-1.5293147585584448e-10,-2.0899713558710399e-10,-2.096500538125223e-12,3.431788057345107e-11,4.592796715820351e-11,6.105052337708098e-11,5.276583441023211e-13,-9.5267583942543e-12,3.013665523125598e-12,4.1161811667820936e-10,5.25785131277433e-10,1.6667706969146048e-12,-5.901605723960545e-11,1.5703647516090676e-11,1.1530297738427143e-10,-2.9415946973486965e-07,-3.610288916454718e-07,-1.2350335815805847e-08,4.9706788508845343e-08,-2.6454144215298053e-08,-6.994649995243387e-08,0.0048482014769636,0.0004177955748806,0.0002801788383476,-1.0522442962148902e-05,0.0001087837858575,-4.541246225381254e-05,-0.000120751781284,0.8612490852747928,415751.0566739093,-0.00048017963612,-0.000629991434974,1.4044786433470722e-05,-4.271822228452143e-05,1.967020414897763e-05,-2.1856636608398628e-05,2.017830573116219,-304304.056969315,3077934044.473616,-0.0002063337597209,-0.0001382171770448,5.187367334671087e-06,-5.377869968001133e-05,2.2446830508050123e-05,5.967258866144586e-05,-0.4161458197637404,-205347.76135038096,150587.81931833227,101425.54433026648,0.0001355206540781,-0.0002171817372879,-1.4734491314794511e-06,0.0001176110163477,-4.725893051726061e-05,-0.0001997844683909,3.304615619865237,308312.7492879548,3077484831.2260265,-152275.6839601595,3077939155.0094657,2.873401605972996e-06,3.862395604325847e-06,5.573796809573138e-08,-6.620742059565703e-07,2.152364708500508e-07,1.18207457357072e-06,-0.0141133127083723,-5.214877472196196,1.975493158110245,2.2722076224326138,-5.67325742791811,0.6755236284465388,0.0007180511681616,0.000483685184331,-1.797612747792745e-05,0.0001854167018067,-7.746796574759078e-05,-0.0002053501953325,1.483565823751112,711323.7236369681,-521602.97050342616,-351337.0632472623,526545.7192894167,-8.77579885162476,1217029.9986230363,-2.6174489517244445e-08,-3.1107532221470673e-08,8.22417679251154e-09,-5.1334210734061293e-08,3.90707656764903e-08,-2.012097426886125e-08,-0.0005510961122246,-2.2425592246060417,4.759436790380095,1.108766179290649,1.4545124301778387,-0.0005461800820349,-3.836248591399576,0.0057918855606772,4,5,16.634517470352776,0.193
967881.4395552193,16.912633097542795,0.1676036345730083,12.170968448367608,0.1592583523913965,0.4437224871990979,0.3181442820293797,2.2460312948281858,3.857125444508199,2.1673556016058138,1.4666996526210263,4.210848394911522,2.937289353316077,1.4003246036809565,9.711750689574355e-10,-3.724343285903857e-10,1.056831935546932e-09,-3.4321201722791245e-12,3.5683371719190705e-13,1.87608924318508e-12,8.319681134356165e-12,-2.024560525323517e-11,-9.746733879862498e-13,9.613961286173146e-13,-2.7782562099769487e-11,6.381290598994282e-11,7.084497139080282e-13,-1.661166898264642e-12,1.0622479993214915e-11,-1.6942507989619202e-10,5.246978351104669e-10,-4.361354304871864e-12,-7.532200691036152e-12,2.4336173572278423e-11,2.788566731370705e-10,-2.2343981882165533e-07,6.405018483869064e-07,3.4267526548236166e-08,-4.06753231912964e-08,3.7878398935832346e-08,2.1583968400440065e-07,0.002928154638536,-0.000145568593646,-4.85724370092954e-05,-3.517467857722718e-06,3.517360714573435e-06,-2.724312718255405e-05,-2.4254590202848293e-07,-0.0735628007803602,2510628.066892898,0.0031840450440224,-0.0038860631244131,0.0001995401604436,9.409063586916774e-06,-0.0002933900076708,-0.0027758247168996,-0.135725054585352,-276415.1616950376,49416377269.51923,0.0001063785390791,3.549757519939418e-05,2.5782328204873783e-06,-2.5745005305395224e-06,1.991486605637549e-05,1.5593227512719165e-07,0.053912191950315,-1835000.4295547053,196819.4213934692,1341188.9334509948,0.0032514916876135,-0.0038635503782618,0.000201174977447,7.776463992618366e-06,-0.0002807612077103,-0.0027757245785993,-0.1015259700781201,-1440037.60234993,49416502091.48312,1052517.5309021994,49417169534.3138,-1.984285991354867e-06,5.045732743532615e-06,-3.653491380058274e-09,-9.62272535596386e-08,9.057176295943792e-07,2.1035147229395346e-06,0.0001964071603072,-2.580719161249897,-55.56660148412051,1.886174323557688,-54.37052237178115,0.0855165929992057,0.0001181051449693,4.5230974559508274e-05,2.870878527473287e-06,-2.986245904971375e-06,2.3381846899419515e-05,2.4231536704446205e-06,0.0604705674096515,-2071228.892145979,222091.2965844804,1513846.657518048,1182061.612840511,2.2150038702860524,1708731.5338583442,-3.799270367247573e-08,-1.4016571926320789e-06,1.0159664019239376e-07,-3.6843758134503284e-08,3.926096821886718e-07,-1.4207216185971185e-06,0.0015096085195064,-1.2809624840974936,36.62443062603734,0.9367086645156538,37.21842789574249,0.0287790388405065,1.0841840567345151,0.0621390925808966,4,5,27.930905039278784,0.208
940887.428747447,51.05053722972078,0.8280324817902097,14.80986179845509,0.2645138301954434,0.2811731682336225,0.5481575935365385,2.2773403108901755,5.171408437148457,1.010139875399125,6.082188033461678,1.7409309244188986,0.2909460931263875,2.772804250834532,2.118554914212825e-09,-1.5587614533025858e-10,9.479578075412675e-10,-2.001762298806292e-11,1.1585595459499379e-10,1.688920749686298e-11,5.8319980217683046e-12,-9.535595603329442e-11,-1.6842962978399928e-11,3.279289165185443e-11,-3.281071745473865e-12,5.1098035642659895e-11,7.311589247104047e-12,-1.5609666923083622e-11,9.00436166097265e-12,3.3378749290924133e-12,2.5056256949132696e-11,6.448020119090395e-12,-1.7131298663648307e-11,7.676841053371115e-12,1.0006663191931786e-11,-1.850304573451908e-07,4.7020988850741923e-08,3.008894831446054e-08,1.0597625227982045e-07,-1.1247810075665044e-07,-6.750762844498914e-08,0.0058195571963959,-0.0002666195499292,0.0001563020672563,1.5896818742082095e-05,0.0002855498864778,-0.0002193793438891,-0.0001665858136652,5.478601011342758,6672375.744665319,0.0187772532720945,-0.0219688152626904,-0.0028960111752829,0.0024680627225942,-0.0011321095249301,-0.000849038891757,62.79579604158182,4257219.80544167,-2932028778479.498,-0.0001634524717098,9.577615870339636e-05,9.735277723410656e-06,0.0001750819363496,-0.0001345087108817,-0.0001021368604998,3.358925243000051,4091033.971178743,2020590.390789628,2508335.802265,0.0189094954661376,-0.0220463039655231,-0.0029038864363209,0.0023264240962872,-0.0010232953840525,-0.0007664112955772,60.078551961873806,947711.2551360702,-2932030413171.3057,581054.8148968804,-2932030883327.3667,7.654308007007507e-08,1.8218200870966928e-06,3.171431738466216e-07,-1.0933353630067865e-06,6.802737035402396e-07,5.876881559445854e-07,-0.0124704561398017,-22.348451775693263,44.412424954951405,-13.702666632203693,55.497554575620704,0.0617050877131352,-0.0002483817998035,0.0001462258125161,1.4932709803559882e-05,0.0002654728374984,-0.0002040361541205,-0.0001548850971441,5.09732455730398,6224034.676444975,3074228.448520992,3816142.597103857,-12902.248549153515,-20.788522545854207,5805819.329344244,3.2929067601198775e-08,2.5431937315153525e-06,2.474324108488757e-07,-5.510888365801287e-07,3.93829046787599e-07,2.3552029216864265e-07,-0.0060408068035447,-13.024003268820197,-18.57160069617852,-7.985310256080802,-12.111755765884954,0.0276377585854882,-12.123488469688768,0.0303200760885046,4,5,21.12692745155555,0.227
667485.007920745,44.03432829080797,0.5884123927991615,14.845325648586302,0.3808038720840716,-0.8161502989200262,0.2524883573067187,1.9236786488442816,1.3406768068285166,0.949035086963073,3.264325445433378,4.877178358869663,6.267639098550987,0.3377235317361002,1.357611641859185e-09,4.4423896413736544e-10,9.266587435128333e-09,6.288287352850842e-11,3.7603571745036557e-10,1.657822026402066e-09,1.9244146219195583e-10,2.2899782870999354e-09,-8.494328679408362e-11,7.65864988825316e-10,-3.66314684579546e-11,-2.711723533685674e-10,8.08401069402686e-11,-1.1429779063629796e-10,2.80987045603555e-11,-6.093650321414944e-11,-1.272109153395045e-09,2.184053833486073e-09,-7.14431382752227e-10,1.8546327557728887e-10,3.371662512567791e-09,8.362778982614579e-08,-9.31083903808268e-07,3.035380027440174e-08,4.7398631254765333e-08,-4.926157046256703e-08,-3.1841774438689404e-08,0.0014954839828624,4.643757337883868e-05,-0.001013996715549,-0.0009264045359673,8.50810688595872e-05,5.238765782258725e-05,-0.0013306749291318,-0.6831729868846912,1240689.6779722404,0.0011031966706698,0.0104373253989506,-0.0043394833936596,0.0040519013384196,-0.0005915773029524,-0.0088885168513921,-1.6322100191822966,406211.93207692186,40302974346.20139,-1.6083238558967626e-05,0.000350393734763,0.0003203816141857,-2.9444714795970025e-05,-1.8085078979897685e-05,0.0004601904000777,0.2357667545088098,-428752.49121621327,-141079.08045395353,148166.55150447553,0.0010719323955093,0.0111186045077393,-0.0037192159563071,0.0039948694852285,-0.0006269461397165,-0.0079972813864143,-1.171766622756376,-428055.5444105115,40302699835.55547,147922.95064145335,40302987665.67204,1.2540424334725748e-06,6.106612401717631e-06,-1.00046409934063e-05,4.056763602172295e-06,-1.6731736994121335e-06,-1.539061670726235e-05,0.0043589240822844,-6.974327427546045,25.896163963163943,2.407372143449998,30.603618708239384,0.1546747972518567,5.452898651231495e-05,-0.0011659929148107,-0.0010893167962437,0.0001029405003312,5.830868517566942e-05,-0.0015646657510081,-0.7847953896255276,1432288.9990670448,471328.4627889413,-494964.6171713943,-491774.6509227698,-7.816986778773086,1653477.3512118584,-2.0669628932436338e-07,9.629751192436878e-06,3.7407437268111794e-06,1.6489664546703646e-06,4.969330819649388e-07,2.7906767854370823e-06,-0.0020694532981353,6.315138216211853,8.443667996441537,-2.181825635287836,4.190835569598166,-0.0555617742635719,7.213832822009119,0.0911012979318858,4,5,11.119473297962369,0.181
1144362.0260083743,95.642232705351,0.6264382480399054,10.531462451552883,0.4494207747486465,0.9401918151082812,1.0627398753155235,2.695564776409725,5.246223007235616,0.8721094245649602,4.357059288845682,1.251944890515898,0.1282020663828475,1.7138229959075817,5.2311193866521895e-08,-6.201298710916479e-09,2.0328409153758e-08,4.595285865139036e-11,-1.4498382773760074e-10,1.877847634547492e-11,-1.157327794355341e-10,1.37730515332795e-09,3.839183242012976e-11,9.42428695551938e-10,2.7808746245999568e-11,-2.3337775475021927e-10,-1.0388609008259748e-11,-1.885743505376708e-10,4.4011560048790105e-11,-1.4672054490681747e-10,-7.459454735642245e-10,-8.223758287540486e-11,-1.1371054111139276e-09,2.2512832023966063e-10,1.4862459066197923e-09,4.5000458635141633e-08,3.829023036150167e-07,-4.085336426330452e-07,9.821382246241293e-07,-2.9773013136799225e-07,-4.15660124479811e-07,0.0437031414931185,-0.0301450404896741,0.0227349551482162,0.0025739614550983,0.0174080937289976,-0.0064059364539897,-0.0202028630192152,79.67688308615793,1777632491.5195084,0.1150982991895419,-0.0610852887174409,0.0002778313723197,-0.0341095853208738,0.0062919800271298,0.0393735233848042,159.75814811284388,-1447776817.8100932,-2197866238695.3008,-0.0189931819954948,0.0143248359511702,0.0016218549668515,0.0109686402721555,-0.0040362605066819,-0.0127297825976299,50.19233239107394,1120018068.3567898,-894801041.0008694,705680437.0143266,0.095433253937444,-0.0462547993815436,0.0019568448796451,-0.0227538505609042,0.0021132173136217,0.0261947541258016,211.73412082445708,-288167143.63235706,-2198792670189.612,-181563088.3535928,-2198980651427.433,7.03018501145188e-07,-6.194872733072316e-06,-6.535064743224083e-07,-6.765937922555489e-06,1.7584576193974438e-06,8.923513974973787e-06,-0.0117629361153978,-266.2902719140065,234.9362019690061,-167.7919190252998,61.22826815796464,0.1324583360325237,0.0305739595115101,-0.0230617290878572,-0.0026110847047412,-0.0176613358341062,0.0064984113080928,0.0204979301194271,-80.8239327147478,-1802839484.9119537,1440318519.677778,-1135900028.3120852,264265472.8864682,270.1542579936052,1828403915.9289887,1.5234151320634647e-06,1.1242599496438385e-06,1.9317103114805242e-07,1.6859786392642838e-06,-3.354378267108272e-07,-2.548458657921274e-06,0.0026495089416014,-38.29394681682719,-5.8849023793968405,-24.12646384907672,-30.864364940484048,-0.0231838395409644,38.81039296976135,0.0125401719837216,4,5,10.191133343570469,0.129
2246488.7034199173,51.98718644478359,0.7222067632163882,10.341861240499222,0.4754785606863914,-0.2272155002019218,0.1036322639819197,0.5120413659131628,0.4117345223956846,1.338084783927494,6.263701282113769,2.336791206616587,0.1069827910414561,3.1673212568619413,3.488766349550463e-09,5.42809610020403e-10,7.323779155887141e-10,-2.329680507298953e-10,2.486069158878937e-10,4.950812232759359e-10,-1.2778416483325116e-10,1.8095762079585248e-10,1.4775146130798043e-10,1.1098595689086575e-10,3.9499338310839215e-11,-3.452818227805515e-11,-1.4795639056666738e-11,-2.574768106054801e-11,1.0785362705758713e-11,3.505025704808084e-11,-6.277594758993135e-11,-4.385234077638679e-11,-3.951650198081994e-11,6.439708134487384e-12,1.9456080325790712e-11,-6.56675936219826e-08,5.0671717854804294e-08,-2.8737576042071362e-08,6.005562038509895e-08,-2.0361384616780748e-08,-4.071762307723846e-08,0.0002853759542108,-1.324256353803184e-06,-3.600256837365595e-06,-1.7271790324903193e-05,6.918212096306488e-07,-9.076503048209172e-07,-7.105617425383124e-07,0.0028202309536043,52808.318954954455,-4.225822109171129e-05,0.0001855659984104,-4.186479546817529e-05,9.076794993354246e-06,-1.7829500733299883e-06,-5.348768005406266e-06,0.0137477191928639,14084.097192032348,840327905.2345539,-1.3477943428294996e-06,-3.1187621092613467e-06,-1.5379030782350034e-05,7.299202980667726e-07,-8.327638501276122e-07,-6.872295053900675e-07,0.0029623437778605,47974.07281220579,12795.166627383272,43582.37743271321,-4.2340380592775175e-05,0.000185174456407,-4.364698734224289e-05,9.109856584320026e-06,-1.8677878318841253e-06,-5.404314499264211e-06,0.0139050150234533,19315.456202213325,840329299.9285593,17547.307698474782,840331212.8259181,-1.2387607004772589e-06,6.238497046868867e-07,-4.462384949039418e-07,6.775541618655632e-07,-5.45210493073739e-07,-7.938222696591189e-08,0.0014090723646781,0.0243716177534485,0.0401283513052922,0.0219420156561639,0.0425985552279656,0.0418528176072892,1.3999662836325525e-06,1.1113506284386024e-08,2.294083127274829e-06,-8.818373812918513e-07,-4.41547522596433e-08,5.817884662283968e-07,0.0005749232176541,-22684.06145463436,-6049.773481785925,-20607.49165234061,-8296.930709796176,0.0379110827643698,9744.155029510192,6.7235678938017e-07,4.6163032849652884e-08,1.1161228291003974e-06,-1.5823772946386885e-07,3.6908603620600884e-07,-1.7544952819494776e-07,-0.0002086532121274,-0.0630234799693047,0.0273446468158207,-0.0561900302745506,0.0209051242278056,-0.0274971590904722,-0.0110209895319316,0.0377963970239108,4,5,11.66943976693681,0.199
933506.8432568609,32.48827067813785,0.2981247556130141,11.14602434743398,0.2305291936216504,-0.0938630105674118,0.1386881238948359,2.3871381707824333,0.4952663183190207,2.4279696542410805,2.3077298468573058,5.918640110273107,0.8958478031617185,1.2692452250740056,5.195667079574601e-09,3.51878800457538e-09,2.7563486305081166e-09,7.110255562249999e-11,-9.836685530627875e-11,2.0275162657396542e-10,-3.798517041891091e-10,-2.637281884098211e-10,-1.0378216731109144e-11,4.6054961314406336e-11,1.1313872013796712e-10,9.843199525062248e-11,5.425958451587241e-12,-9.939347357708423e-12,1.1159882750837291e-11,1.2235822380417507e-09,8.42666888010185e-10,3.5225684190749666e-11,-1.3231152355742808e-10,2.4903438049050117e-11,3.988566455267949e-10,1.0056479121157709e-07,6.120467586855556e-08,6.884594261555509e-09,-4.6238148240504696e-08,1.0092763025352608e-08,9.659160341378885e-08,0.0001916775015598,-0.0003244733361603,0.0001707143786227,-0.0004814466267229,2.9816169042691405e-05,2.7073104767794014e-06,-0.0001104251147089,-0.0183704052428957,476091.7190543055,0.0093923874342041,0.0055735713844097,0.0017288810630419,-0.0005973012751056,0.0002420910115857,0.0020514313268874,0.8399585531274415,-443535.13798782905,36958787940.06278,7.756446421078876e-05,-4.085597327369779e-05,0.0001151418600153,-7.131952956183671e-06,-6.511680157031142e-07,2.641211509112808e-05,0.0042563232120084,-113938.89116906334,105980.7165558064,27268.006127586494,0.0090287599509584,0.0057650104549399,0.001189172179721,-0.0005638763030619,0.0002451359225455,0.0019276370792434,0.819638332003449,90341.96190403616,36958291360.064026,-21616.59672845697,36958392655.66666,-2.0356906703280665e-06,-1.8947234848306368e-06,-2.130832023847613e-07,1.6316937416408304e-07,-3.176571539058393e-07,-4.050474679494959e-07,-1.0657176705984544e-05,-0.2155546802285713,-3.033048764293727,0.0516681229174582,-3.2749524037418647,0.0118354253354311,-0.0004837607854855,0.0002523084876948,-0.0007161075762774,4.447642464020584e-05,3.660341629917207e-06,-0.0001644979979561,-0.0270411508745743,706189.8583118304,-656852.0895237572,-169006.27936811527,135051.19677856806,-0.3058180896171668,1047495.9288626694,-4.8485638303984485e-06,-2.8813453319097973e-06,6.83674911273939e-08,6.85159885604947e-07,1.1484430685502381e-07,-2.1720147212902893e-06,-0.0004198496944345,0.4098085126878064,-4.115925830601448,-0.0981481478938995,-3.656159248734369,-0.0035541746528202,0.6039694160182246,0.0494203191575673,4,5,18.68287339329611,0.439
905934.6085493104,40.71271262622757,0.9832371983148762,13.086154557541189,0.0523164138027489,0.7064359246545122,0.7306403613177357,0.0702311390940659,2.200160103218354,1.7506810459903894,3.7420988035833225,1.3083383387306478,2.4316871125161086,3.421441830734373,9.255576924900093e-08,1.9187603496267304e-10,1.5420660684817267e-10,2.681731768041796e-11,1.002821245197882e-11,1.0113851491696203e-11,-1.946160784197214e-10,-4.1985820651551046e-11,-2.0457132094769881e-13,8.967732474647984e-11,7.917043306213267e-11,1.2786788861472376e-10,5.327271645005906e-12,1.0767192684341394e-11,1.4750470846249218e-10,1.858728009064873e-10,3.694074071205696e-11,-1.0302518606022574e-11,-9.68217031886966e-11,-1.4779257856641982e-11,1.15570884833019e-10,3.3089898213558426e-06,9.003550823395182e-07,1.6236899380474852e-07,-1.5639824962465967e-06,-1.9738505737590296e-07,1.5097560096834289e-06,0.0344609346709284,0.0072101212146809,0.0013307488449247,-6.535478638485117e-05,0.0008703321163329,0.0021616216164865,-0.0008335018117809,-18.91124404805892,37511639.24109011,-0.0107513133608854,-0.0044856629564326,-0.0029050441726525,-0.0024967101497333,-0.0048540755326332,0.0057107268088466,89.28119299071767,-12936081.711357972,1099512926765.2126,0.0002079820358279,3.83451102254807e-05,-1.92765362016962e-06,2.5098672265055512e-05,6.232853861397566e-05,-2.3991217825480883e-05,-0.5459487063013964,1082346.682266828,-95560.58489211464,31229.62493207195,-0.0094406959262594,-0.0042437653903186,-0.0029169234234532,-0.0023385065872358,-0.0044611495442224,0.0055592172433833,85.84357481379236,-6117413.988021934,1099512324767.0557,-176507.8899647291,1099511212809.5676,-1.2174306598016718e-07,2.772072139981619e-06,4.4468624708885154e-08,1.563687551240693e-06,4.279033395281137e-06,-1.6640145981178416e-06,-0.0311765025276338,74.44668734777161,-132.17027447530285,2.1478893134602868,-118.63790338269764,0.1475505402103482,0.0073250762840061,0.0013548217076876,-6.640460453172104e-05,0.0008857982270874,0.0022005200966154,-0.0008484270241919,-19.24527643099525,38110571.140300624,-3364955.562666816,1099628.0358941853,3562582.839678342,75.7822775904872,38719066.07742453,-4.913995482557006e-06,5.750590237482102e-07,1.41777473363311e-07,2.582300298361103e-06,2.047537129702996e-06,-2.918221397990628e-06,-0.0420482813072129,55.5873256206786,-274.7044189486309,1.6026382665865129,-264.6000701659987,0.0892750879056456,56.5648786636423,0.8094789602291314,4,5,20.900137076690235,0.6
529703.6029506995,31.79574844566391,0.2546009241163678,15.311238967639776,0.36760216679824,0.1243113859345097,0.1778986824623814,2.021495422662772,2.896549084719544,1.7742203107945576,1.7889726627101328,2.911196169499035,2.97267207874101,0.5219729254254307,1.1980772290071634e-09,6.060888401797034e-10,8.54369758759324e-10,7.57186659223569e-12,7.640144973551073e-12,5.2118110077400445e-11,-3.000085504354834e-11,-4.394665054939009e-11,-1.6112083751123646e-13,2.872374228844405e-12,7.625508100089422e-12,1.1763231998262113e-11,1.2280688269845146e-13,-8.093160177447168e-13,2.63543065942465e-13,2.1678185339663967e-10,3.1040632236267605e-10,-3.1566719383158597e-11,-1.6946761610847878e-11,4.414526398726352e-12,1.3827863694565456e-10,-4.831442133744851e-08,-7.873789962383405e-08,-1.1385540682557528e-10,4.540935377889687e-09,-1.991610707145687e-09,-2.806506521528044e-08,4.39536513912029e-05,-0.0026912135767378,-0.0023203200164814,-0.0131978972642881,-6.866987108969356e-05,5.36670790012493e-06,0.0083607358127528,-0.7018800207143485,10949202.718738483,0.0161362784901444,0.0057760198196263,0.0027356015822721,-0.0004726434987284,0.0002522025535519,6.18669328450725e-05,-2.042372434299017,9900.306875734224,93575789601.90352,-0.0012025209370438,-0.0010367909207422,-0.0058972354197361,-3.0683795243057363e-05,2.397929526565124e-06,0.0037358400992225,-0.3136377667013739,4892445.940352757,-29164.212919965616,2186097.736652172,0.0166329179920528,0.0062042190205263,0.0051711336066915,-0.0004599719191403,0.0002512122914781,-0.0014810139454985,-1.9128921752977373,-2010653.153346756,93575801677.20683,-898429.4101505793,93576172754.29108,8.440152187877883e-07,1.202647367432761e-06,1.6608630990461722e-08,-8.110278307611327e-08,2.7134998500655533e-08,4.635720602064842e-07,-0.000238311082367,1.686914518866622,30.71778569328292,0.7537596135191384,30.40650353520953,0.0033763682172103,0.0024591340971646,0.0021207069567914,0.0120553960321119,6.264482517808404e-05,-4.875361231802186e-06,-0.0076364939107229,0.6408823719620427,-10001559.94193574,59620.29151246328,-4469009.533645266,1905296.8280266533,-1.5376353065765975,9135934.72548043,-3.906840119750245e-07,-4.79759893495603e-07,1.4000855634808817e-08,2.256214986028824e-08,-4.667047467862378e-09,-2.013559484063166e-07,2.9690596997189712e-05,-0.9599046920332732,-2.1747686046534542,-0.4289238919912643,-1.997652108731748,-0.0008962414426269,0.8758096463348458,0.0009196399045206,4,5,45.86022801254035,0.554
1539961.372073141,58.88883723954865,0.3460881977943155,13.908132141402016,0.3881433090160248,0.1390738883667723,0.1975101331781445,1.5947416115664963,5.4679844494296646,0.4473359671976614,2.341544460348163,3.639420010453292,0.7073051347805537,5.714800920290312,1.4317489808566063e-09,-1.0656725695404956e-09,1.226012702435769e-09,3.8812003044704937e-11,6.970288556592969e-11,6.280284447302209e-11,1.0745508023012612e-10,-9.880758724142627e-11,6.591167227287427e-12,1.2181155325687827e-11,-2.5535218214422888e-11,2.3906337158217527e-11,-1.270801749333709e-12,-3.0926237892123583e-12,8.83866542856298e-13,-2.4715906694392027e-10,1.8691206636129783e-10,-3.8894316227493045e-11,-2.7240443613833163e-11,6.381378275417007e-12,7.339342931864604e-11,2.2110525634071402e-07,-1.9796322223554562e-07,1.6273892997235585e-08,2.5141854761043613e-08,-1.0136584226251156e-08,-5.529295302729732e-08,0.0004926756051002,7.493774323645602e-06,2.989801802391692e-07,1.7504096841360087e-06,-7.10321549452844e-08,1.6552255318367185e-07,-1.100468510623946e-06,-0.0030732073364778,399672.90509718185,-0.0001794230077572,0.0004384036689543,2.081052368377906e-05,6.192267854457674e-05,-6.3018559837843e-06,-0.0001230196833401,-0.7263230375149184,-168540.85641521297,63054507868.83796,-7.582439367631016e-06,-4.05484088212912e-07,-1.866951509450912e-06,5.788377582578844e-08,-1.629613702486687e-07,1.176628121265703e-06,0.0027123308151445,-399627.02785482525,168740.51567419348,399581.1603076364,-0.0001791692321152,0.0004384723185655,2.088929135471153e-05,6.19207893058574e-05,-6.29653274881875e-06,-0.0001230651205186,-0.7264429864045933,-155918.4896001264,63054502524.35494,155897.49109122815,63054497585.53095,-1.5902845608398168e-06,1.501854998825526e-06,-7.398208350097403e-09,-2.2866400937886002e-07,7.281900468488924e-08,4.183586064511637e-07,-0.0011544099192199,0.0320396283139188,-3.067670913308268,-0.0319797698682053,-3.0666642173956418,0.0098983095461874,-2.5131973992623256e-06,6.05730133076037e-07,-9.329979231649378e-07,-3.291581007936967e-07,8.747326437035848e-08,1.0173279961063082e-06,-0.0013407774753711,-13999.811052780862,5918.24497319443,13998.206212683106,5476.10350497737,0.0086917989619315,490.4156494464968,2.446770423056517e-07,-2.985426318003453e-07,-5.3248460268900174e-08,7.546059828169197e-09,4.6573082765529185e-09,-3.0899952227507646e-08,-0.0001356867795086,-0.0092543782150022,4.976560931103268,0.0093270733040608,4.976250075984599,-0.0008423388660309,0.0001682643987753,0.0032621906568861,4,5,16.883422252120766,0.391
518776.6592089083,23.586129292205342,0.1072137286094991,12.03825130660796,0.0240932919009143,-0.2520487782488165,0.2150230965018622,0.0977538556659585,1.9346811387072167,1.500184993322826,2.0512430617333344,5.764632056104953,2.6127263364073823,2.425004471772789,2.9711166155681784e-07,6.112313895272603e-08,1.3773557052588445e-08,1.7461639928442164e-10,-2.208006078596868e-11,1.4335997996446587e-10,2.3795198760799848e-11,-1.9040069252452214e-12,1.5484133079988222e-11,2.656234507536371e-12,-4.894706726591244e-09,-1.018059080606186e-09,1.379916933265001e-13,-3.5752589986447285e-12,3.704124371228811e-10,3.8536698959190994e-08,8.551253464731444e-09,2.2119734741880464e-10,2.010456437816024e-11,-7.285276932346102e-10,5.775643563545298e-09,-2.2748228351047322e-08,1.3736150063153326e-10,-5.2940172683249075e-09,-6.598504891172593e-09,2.136960825424919e-08,1.6376676350537022e-08,7.925880021372751e-05,0.0025398569742469,0.0003410187867155,0.0004746908748022,5.287409128919179e-05,-5.634277947677217e-05,0.0008971919295047,-0.033838911590746,3024261.2642427143,-0.0102477230000469,-0.0001132980680899,-0.0032269115565828,-0.0006208329574214,0.00119003405167,-0.0030734100997486,13.536583705429187,195832.23062317827,274877957045.4924,0.0025229982613599,0.0003387184145093,0.000471554887755,5.252421057559691e-05,-5.597980553980875e-05,0.0008912503765447,-0.0335765731125688,3003739.662170071,200956.398238246,2983357.314079014,-0.010268540191534,-0.0001160687693925,-0.0032308198022218,-0.0006212681504585,0.0011904950715978,-0.0030807734808549,13.536862044788178,170955.79635636383,274877955286.4755,169782.84039060716,274877953785.63275,-1.476116625208214e-06,-5.042882291801816e-07,-1.816900060570868e-07,-1.6483829692909154e-08,-8.827184016580518e-07,-3.642633445069297e-07,-1.0289214860548462e-05,-0.1643192842917383,6.432035660652714,-0.1632177354147995,6.433382680651136,0.0038129053855842,0.0002938874046955,3.948081424703367e-05,5.4229789424446126e-05,6.047188722189769e-06,-7.4691506002513316e-06,0.0001028375767912,-0.00391837786163,352592.834082004,23619.42183817197,350200.2592786818,20719.125857950785,-0.0138198280618279,41108.13837651087,-0.0001043676877992,-2.332861189375541e-05,2.445904305970379e-07,2.671142215185048e-08,2.4937522732163345e-06,-1.4567662219420482e-05,-1.6513563235622095e-05,-3.503962254436776,18.856208000902217,-3.480161819812853,18.884966103647816,-0.0015204604182221,-0.4117785995601654,1.518309074472227,4,5,33.46340090445732,0.687
819128.7551178128,28.291390465750265,0.2102277380520383,15.455846255272444,0.1607546464948434,0.9704186244451808,0.7824610749881133,2.897688711499662,4.466140017858188,2.276220939903113,4.034812061430563,2.2659043632692555,2.712540934319949,1.0735527072334108,2.675761079441485e-09,-9.80067326751095e-10,3.1255641428352686e-09,-1.6376255843358936e-11,3.980482097541748e-11,9.835095832302454e-13,3.418989457400246e-11,-8.723028897038419e-11,-1.4477223371766157e-12,2.959541754256857e-12,-5.5933625866186734e-11,8.177410399314329e-11,1.6732233488412136e-12,-4.583185444333511e-12,1.8077121144187548e-11,-3.698277646528268e-10,1.2686779949212291e-09,1.765580777926943e-11,-3.336819839570659e-11,1.106505285108068e-11,5.601222373129264e-10,1.8538818535536104e-06,3.19777149055464e-07,-1.5394279249672614e-07,1.407688839452487e-07,-8.186508769329716e-07,3.8782011123574533e-07,0.1380195584937933,0.0014429554772316,-0.0031437071070118,-2.823268084930339e-05,7.756233662583323e-05,-0.0001180030061445,-0.0011360410143715,-1.7737218190315676,13589553.49970802,0.0142956077472378,-0.003474181589816,-0.0002202715063677,0.0001799540012253,-0.0013435643768927,-0.0001347775966481,108.5114270220414,-1918738.8433858613,1759219803277.8257,0.00131162372412,-0.0028578875579114,-2.567687014111411e-05,7.051184734424286e-05,-0.0001072874330543,-0.0010328602977731,-1.5529410127165693,12344905.880399575,-798443.4931496417,11214253.863068849,0.0137808505699905,-0.0023521308543452,-0.0002101662675213,0.0001522610250778,-0.0013014607713792,0.0002710616296732,109.1017994251926,-6757113.251808522,1759220116053.2654,-6138646.941856322,1759222521830.409,-4.257679043112607e-06,4.425593018114327e-06,1.744351793955637e-07,-3.5641397858431777e-07,1.6049299209199229e-06,3.726582328942153e-07,-0.1557279960743394,3.450780128661053,307.970799735572,2.970725757184063,307.3397121893722,1.216893133696737,-0.000797210423862,0.0017308991497945,1.5687497586356525e-05,-4.296736651663366e-05,6.643120010567831e-05,0.0006241878938093,0.8365478599278342,-7462460.106283951,482513.062473584,-6778984.247166388,3139420.1697952147,-1.1895280880242247,4097876.9373397706,-2.781089822634866e-06,8.6880099273599e-07,4.212864708166066e-08,-2.1664151201268402e-07,1.4949841031634034e-06,-1.91149077711124e-06,-0.0633044265571,16.958628999882624,568.2567031134629,15.404498034863806,562.2101651281771,0.1134926338090566,-9.19252749972265,0.3038199828969943,4,5,13.688357280464713,0.572
2765645.5369089376,52.7620512484352,0.4398903208339153,10.197601239381868,0.3376103842900502,0.6036451555388542,0.1743470257325015,2.5930835521547104,1.1139425076335447,0.0853839246012867,3.286775239311537,2.752700226226847,0.8810631853352358,5.114128298477096,1.472116802416045e-08,-2.770132370168933e-10,4.437894596102687e-10,1.806952103095412e-11,-2.551653448856921e-12,6.034600349825849e-12,-4.321679481468542e-13,-6.8656899517899594e-12,-5.125036335100207e-12,5.1808475616525214e-12,1.553539529498666e-11,2.0735220114306568e-12,1.4976784258556346e-12,-1.2703560507857622e-12,1.3188767793915985e-12,-6.30820485886145e-11,3.4163706257597286e-11,-6.038902757149482e-13,-1.1502728311131892e-12,-1.302924407816541e-12,7.169721603659997e-12,-1.6584610598241008e-08,2.2591490535242595e-08,8.703844950035323e-09,-1.8250691075378693e-08,-1.2014571284482755e-09,7.330787471047008e-09,0.0004772181812607,6.606340809133688e-05,2.456132165513202e-06,5.125051256400554e-07,-1.7298781031025795e-06,7.436513107858411e-07,2.917236080292826e-06,0.0003711445946597,2924.8408258691934,0.0007282040624313,-6.921667628538148e-06,1.0583435964746858e-05,-1.4719298407190106e-05,6.8829632299686e-06,9.415113939250832e-06,0.006166298045222,14080.82492575534,707007161.872651,-3.748417206862986e-05,-1.3791742962058546e-06,-3.124616224126185e-07,9.989534344059483e-07,-4.267988148856739e-07,-1.6491727128545903e-06,-0.000251190260853,-1656.402793531172,-7973.027337976026,938.0640429487722,9.052280356347472e-05,-3.017937282552801e-05,5.16853379498732e-06,2.3510389434439168e-06,-4.035457881202325e-07,-1.858180551348586e-05,0.0017920439670679,-14083.029665013852,706871583.2075843,7976.076204521542,707007188.381785,-2.504382861518267e-07,2.8460908026346346e-07,6.318920983217186e-08,-6.732804115761984e-08,9.401443684450141e-08,-2.386095580342371e-08,-0.0005284771478399,0.135981866809836,1.2498732763230145,-0.0817710463576188,-0.0371721752632336,0.0278797072631318,0.0006395301340909,2.3670421465850425e-05,5.466737525658843e-06,-1.7178510182793893e-05,7.400198984776569e-06,2.8089296437246496e-05,0.0038508931550082,28266.86219338488,136074.59734574647,-16008.157870899448,-136113.29697186002,1.3031864123328412,273183.4017747333,1.4916790573216243e-06,-2.409543445484347e-07,6.560668449044362e-08,-3.574284044976798e-08,6.080814255868936e-08,-1.456459389953451e-07,8.783572503480617e-05,0.0419453508197345,0.2494429013276803,-0.0240223099418262,-0.1608917980321809,0.000598357822827,0.4119541083766784,0.0126165862531906,4,5,13.803310536388128,0.201
1577599.5140049716,61.465214170728416,0.9129547140540204,11.31105631853152,0.5636400004929317,0.1730951997308469,0.5827873966342006,1.3078208517659815,2.753544515454591,0.3670786136758618,4.835410064199511,4.573395696779376,2.4032715369790174,3.407665472821133,2.6283952112369648e-11,1.5150212909602873e-11,3.8728097014837485e-09,1.0013366912997784e-11,1.3683805666293566e-10,1.7231850911962108e-11,-6.636795913135156e-12,5.768787910857192e-11,-6.104259423791872e-12,7.115487025626424e-12,8.25067598586024e-13,-9.08611319922546e-12,7.305140414247781e-13,-9.090017708868978e-13,1.8277362705824853e-13,9.654437626389921e-13,-3.556358648518977e-11,-2.013921372484027e-13,-1.5415067051188457e-12,1.2724690034108908e-13,7.357868636523225e-13,-8.726879579695241e-08,1.7554750880303492e-06,-5.8302974710204186e-08,8.75095601861202e-08,-3.037016177395557e-08,-1.8826434682826044e-08,0.0113737650286962,-8.152900213430936e-05,-0.0010596244168742,-0.0001112731504221,4.591843984295063e-05,-3.495910571641923e-06,-4.689017171827799e-06,-0.062154865844808,1901334.81091472,-9.509372945376352e-06,-0.0192184899578468,-0.0008692764509661,0.0006123705213073,-9.314987231215771e-05,-0.0002085216575353,-16.407958188196492,3730498.733568891,639723461359.9127,3.988098735052176e-05,0.0005182749298726,5.443077686870475e-05,-2.2463954907814928e-05,1.710454513685916e-06,2.2939922709620826e-06,0.0304699482898487,-929962.0470957136,-1840993.179093541,454853.8256041155,0.0001754565224321,-0.0168148013198624,-0.0006168433675381,0.0005081954180712,-8.521820981322275e-05,-0.0001978840095067,-16.266705153941224,-582530.8136300604,639714923043.9491,284943.53358951467,639716244515.158,1.8821174444437904e-07,-3.4154540316436467e-06,1.8618868273426288e-07,-1.742449184294628e-07,3.494679723942451e-08,1.6971872189990576e-08,-0.007663330152768,-0.1909306897455764,53.29674731472713,0.0934374187810339,53.73005007133667,0.0200074209800269,-0.0001980642246126,-0.0025796085267962,-0.0002703973825769,0.0001114953777022,-8.46971031376592e-06,-1.1384710575437085e-05,-0.1582051135806097,4620831.135328768,9147746.09204648,-2260095.152405544,-1334248.5321525808,-0.4460165430300828,11230047.624734169,-5.2857241905805184e-08,2.2571930283599e-07,-7.022707466539536e-08,3.667164908024364e-08,-3.759808851555633e-09,-3.500847270389359e-09,0.0005889275304844,0.7563673617525462,-26.41029539338028,-0.3699656858245186,-28.1261077535846,-0.0040386660677442,1.8346483163264864,0.0014658295830231,4,5,16.64459849815554,0.297
928756.803790076,67.23776356032614,0.7863667066437271,11.981397732458603,0.6354594028734206,0.6619740634030988,1.2953716699843811,2.143210047062536,0.1686487104072379,1.8894428122181968,1.3596425721913414,1.7322692500765375,2.008946307563764,0.0458074835096971,3.43554785141218e-09,-5.899162095495235e-10,1.1753568088815855e-09,-1.219639688482913e-10,-2.7951563228459238e-11,2.711001468563145e-10,-3.955870796608887e-12,3.1560147333727795e-11,-9.901904591134687e-12,1.1838693194526452e-11,2.7205939365556195e-12,-5.933331088566873e-12,1.4539519163623777e-12,-3.212912412235589e-13,5.4296324370101767e-14,1.3553422516187343e-10,1.914149928898527e-11,-3.068485835711721e-10,-2.1673431841691414e-13,-1.475394487439393e-12,3.5945283448113607e-10,-1.8287769559712585e-06,3.0589179767235945e-06,-2.248678178597861e-07,2.39240498693013e-08,-3.084166198268896e-08,2.4466712586670977e-07,0.0347620623951594,0.0407690112540181,-0.0594050055589956,-0.0438499824094203,-0.0030686195887767,-0.0002626604187255,0.0551797546936712,66.14732476539952,103062764.54090336,0.2100369505903875,-0.3825598058811914,0.0155116958202561,0.0084552245064455,0.0007990209724198,-0.0221309193842942,-2707.5688683350454,250850663.18029064,11728880869393.17,0.0151147505127891,-0.0220236106972419,-0.0162571441845208,-0.0011376410219875,-9.737970206058355e-05,0.0204575582690323,24.52396183520481,38209258.92266648,93920366.0019468,14165615.236534264,0.2225275193117842,-0.4007603601788609,0.0020774824438364,0.0075150438887714,0.0007185503224814,-0.0052255673745638,-2687.303667733949,282426867.8027172,11728958487844.83,104704851.4995613,11729045018615.82,1.3484203709481497e-06,-2.950403438384882e-06,3.5841718366506e-07,1.6276687523847133e-08,1.5398682933760623e-08,-4.5020306340428426e-07,-0.0129042979502661,73.43677570337846,1661.0070620634397,27.22515624197528,1683.507971538882,0.0149420783043216,0.0398727307208591,-0.0580986836790543,-0.0428850876629825,-0.0030009153477252,-0.0002568666198098,0.0539653314046036,64.67859189214327,100791921.24301666,247756670.1921945,37367371.55756807,278637137.483359,71.82808863006274,98571112.81098664,-2.233501930081099e-07,4.445412166788542e-07,1.630272332879226e-07,1.876318394815233e-08,-1.1735523947289424e-09,-2.1038294487067734e-07,0.0015553807954057,17.889619616503833,-43.94015888842571,6.63216422815594,-38.4588829531608,-0.0018555787487032,17.492403234943747,0.0010646471678325,4,5,17.740795197382003,0.221
1002039.1895837312,53.682515248379694,0.4343613160135037,11.108343003868384,0.1715941015145201,0.0695506826521266,0.4112311270029757,1.4750431847363978,2.4368756061689534,2.954450334452808,1.4802225515338967,4.290999262528979,2.8401707728109624,2.40956763094877,3.237282313645679e-08,1.145087248965784e-08,2.8780434212536617e-08,-2.37389118543695e-09,2.259494120235393e-09,7.931164077579647e-10,-1.1424803345490111e-09,-5.397021234844621e-10,6.134835718915872e-11,8.515150392801723e-11,8.139777092897615e-10,5.34175642850697e-10,-4.859309505802022e-11,-4.386586472057206e-11,9.266754354930814e-11,2.919463577788231e-09,1.602552114176269e-09,-2.0010895789794468e-10,-1.7094735036689984e-10,8.123464631215186e-11,4.0858431082502624e-10,1.4714586060897317e-06,8.078798278106554e-08,3.787568938826832e-08,-2.365421089277899e-07,1.4034210813957374e-07,2.969658821264465e-07,0.0015509433303775,0.0084319828777166,-0.0073325586087298,-0.0028100868532915,-0.0001861334858994,0.0003827655981328,0.000646788784773,-0.1841532524892738,2048757.877513144,-0.018727121954678,0.0006399218850986,-0.0001255665967204,0.0009509409684229,0.0021475691189439,-0.0021748185075903,-2.693154691956229,4281445.222965011,65651311017.82803,0.0048586471651075,-0.0042250484869301,-0.0016192069109434,-0.0001072522187628,0.0002205619336289,0.0003726868810676,-0.1060694205143978,1180614.9657080169,2426530.577832363,680339.8864388771,-0.0551166582462209,0.0322839712591746,0.0120017550471201,0.0017542348130991,0.000495626548143,-0.004966142838893,-1.8984466468297616,-4560977.287380214,65633137117.21722,-2628302.7221879507,65652822275.72306,9.180755017473086e-06,1.257534761027924e-05,2.633854716739853e-07,-4.473737514063293e-07,1.6832188669487977e-06,8.87336208372259e-07,0.0012688039215585,4.0870437934620005,39.07612110306388,2.355153753239396,21.436690757200548,0.0377552060475866,-0.0370122590708933,0.0322054640192968,0.0123382364900293,0.0008167387125232,-0.0016793047002739,-0.0028387925131718,0.8098729300444031,-8999612.03892421,-18497006.66016579,-5186106.566226749,20345246.56895831,-17.916695109762667,39532742.29115406,-5.374613864220836e-06,-1.0123334016564928e-05,-1.15325173194447e-06,6.168631263216044e-07,6.064477646283503e-07,-1.6216457799952855e-06,-0.0006699574229492,7.641220218193809,29.42272033680547,4.403069126331224,-3.554711068488046,0.00932008429443,-33.54712188956203,0.033048271340759,4,5,20.35984072215848,0.235
621652.2289446169,31.00025887339173,0.4590270332976413,13.696087596170129,0.2185637615901342,-0.4480080936498785,0.6499667944612092,1.01636327650711,5.146464549464795,1.8596039844526888,6.190376144197273,0.9548432276260096,0.8695460413313725,0.918606372405422,1.6574441598359762e-08,2.179638105717927e-09,9.096716350583712e-09,-5.847978188921275e-11,-8.139422160639576e-10,4.5469461915895503e-10,-2.839404039724271e-10,-9.542249939709328e-10,-1.0591041022297312e-11,1.6025631972027108e-10,1.4855839764809772e-10,4.623649890345407e-10,2.8823463734694142e-11,-5.593291210127047e-11,7.254554214145637e-11,5.441438440517793e-10,1.4590875549262684e-09,2.9749216598547693e-10,-3.2276518524825166e-10,1.1640475110110024e-10,8.37567940086982e-10,6.240699840308571e-07,2.556381015483325e-06,-6.6619155846948e-08,-8.362326277734252e-07,4.997400232988784e-08,1.336090725981388e-06,0.0154060820921603,0.0001270538474037,0.0025540732118898,-0.0005812552201188,-0.0001042513720051,0.0004459878714368,-0.000250312902142,-1.6484024086466291,5480855.064858486,0.0244367375595597,0.1165362972604543,0.011684868834725,0.0143965565920112,0.0020344921286902,-0.009535752867873,-149.25110548051364,1733915.7830370432,689896821966.1086,6.36806497567656e-05,0.0012832993415311,-0.0002918268648743,-5.2438835686735234e-05,0.0002242799752139,-0.0001255678872273,-0.8285951868613678,2756009.3476780183,887869.475214282,1385839.884792399,0.0244691064829653,0.1171913895469577,0.011535989092457,0.0143697698673585,0.0021490531040797,-0.0095997714158774,-149.67427959976314,3141505.052171828,689897275431.19,1579578.6250873103,689898082176.0562,-6.240826105602187e-06,-1.6142288072688366e-05,-1.902638515108804e-06,1.7818808921265198e-06,-3.649859038351028e-06,-4.092616890879584e-06,0.0070669647013649,-26.958652089784337,26.16856711181084,-13.55755532895352,19.24336060242108,0.2025935359605243,0.0001090521753114,0.0022948553780859,-0.0005303992824489,-9.217719189927064e-05,0.00039823736183,-0.0002325605321541,-1.4782220958066672,4942147.33813312,1592282.2215629062,2485123.9591968786,2861520.9532788177,-24.085620550496696,4456388.950706331,-1.959927639167262e-06,-1.0868198023088592e-05,2.057945194860951e-06,2.001896326406816e-06,9.486121496614812e-07,-3.2565172876075448e-06,-0.0127628611082322,14.850903321197976,1280.31010759125,7.469305238729729,1284.125784371388,-0.0653570731331765,13.304785691943463,0.2703216413274543,4,5,11.093102868558091,0.189
508823.1392371997,35.85611156577859,0.5559364369961185,14.928797723319892,0.0659833102138282,0.5719821285133349,0.936089927247576,1.2595980608488118,3.135682241470007,2.309488127777321,3.128375880578082,1.666450129008544,4.624943865608422,3.2309858934362983,1.558373114246199e-08,-2.2773839683447086e-09,3.0560183159603153e-09,1.5740010053678485e-11,-1.0812521118009516e-10,8.753684455614295e-11,1.9232330678457184e-10,-2.2509180323816467e-10,-3.757153732295507e-11,4.555886703196615e-11,-6.35616649607357e-10,8.168971854932707e-10,3.375393494307216e-11,-7.515724211875797e-11,3.8759043558936456e-10,-4.2778644550936936e-10,6.45835130708654e-10,-6.339598731784769e-11,-3.377491526732103e-11,1.0053099193984743e-10,1.7328071418000888e-10,-2.84625916361204e-06,3.3181113398664827e-06,5.967388709403605e-07,-7.249993402279476e-07,1.238273385858249e-06,4.842305800701447e-07,0.0171599923349766,0.0005518165608884,-0.0033103482248926,0.0004167754096691,0.0001504176939875,-0.0004148516335974,-0.0009885730119674,-2.246768480719612,100643027.76387855,-0.1277495757636033,0.0522501821657074,-0.0077376672068522,-0.0016286062767773,-0.0023307588871789,0.0165104645412611,-134.3621912873093,7022564.40056514,2199028651702.7925,0.0005519309326981,-0.0033108487684744,0.0004171616111421,0.0001502443292914,-0.0004147284770917,-0.0009888387723546,-2.2439868274842785,100640343.94964217,9328132.20106246,100637660.2120652,-0.1277532684287592,0.0522722223480287,-0.0077404503952892,-0.001629599761101,-0.0023280000740114,0.0165170469638183,-134.3475917333669,6352907.048409549,2199028589658.3022,6352904.939903913,2199028547410.873,-9.22711254518517e-06,1.3129497837768267e-05,4.823359170991838e-07,-9.46497171939588e-07,7.616186850137674e-06,1.173970958872747e-06,0.0155912021047839,-4.1529856082623935,-199.98980429677428,-4.151348605568505,-199.96234549532,0.164890898960753,-1.5122125170055404e-05,4.755615334111568e-05,-4.605808890593445e-06,-2.0623996702371733e-06,1.1521256614971131e-05,1.1740149639774922e-05,0.0318843685874993,-994559.8682905108,-92324.62419757506,-994533.349649678,-85707.03333853467,0.2016024013649549,9828.46614436335,-7.561313493618236e-07,7.678049593534898e-08,-4.628492677499637e-08,1.4307408578876954e-07,5.724207710034228e-07,-2.420496584161295e-07,-0.0011676993818822,-0.4763330827900015,1381.0279518799025,-0.4770049793916121,1381.031189797318,0.0130175130249002,0.0181013556220728,0.4342312253782027,4,5,18.344459898718203,0.332
1331730.4813066476,96.4895220060988,0.6924145114077899,14.478370209813932,0.1792896077932771,0.2360149853584847,0.5181116593858701,1.3943433506418468,3.616199414703895,0.0851953668846637,4.703695272144095,4.942215611170833,4.45257456164742,2.0492842142664616,1.2407588055592201e-09,-1.413359518005255e-09,2.165802832463264e-09,-9.809998204055315e-11,1.4698459969655162e-10,2.1735471117443407e-11,8.451876776611576e-12,2.8779394706428223e-11,-4.864054692327815e-12,2.971798333817969e-11,-6.282839744427883e-11,6.299766880093446e-11,8.193859962851976e-13,-2.0128901798356627e-11,2.755154141765777e-11,3.21241912318392e-11,-8.2151360851435e-11,-2.402974653840493e-12,-2.3019411819092125e-11,1.3904322802456475e-11,2.0357079844558968e-11,3.703339107903844e-07,-5.16340188905464e-07,5.109175899854889e-08,-1.629122881502653e-08,-8.834817685208938e-08,-1.4151509591833918e-08,0.0041816655204229,2.0492408027901064e-05,-2.5374184940585847e-05,-1.7482107288686824e-07,1.859542716950029e-06,5.2874414725224695e-06,-3.2410440226838967e-06,-0.0189048502558684,26877.07387293665,0.0112203311115408,-0.0204878953949713,-0.0012829891595769,-0.0015799716172342,0.0001471796706413,0.0018013054776546,35.07347139028341,44814.24208028527,328826064746.5268,9.538746878392836e-06,-1.1822334880950904e-05,-9.222106451382405e-08,8.639966877960354e-07,2.4601706754339534e-06,-1.5026186316315708e-06,-0.0089247723930419,12489.90697646414,34637.50056671525,5804.121312894725,0.0110065220301929,-0.0202229601340198,-0.0012807122348994,-0.0015993586197556,9.232607621877032e-05,0.0018348528238346,35.27387764473811,-233852.9568482648,328825292610.14703,-108620.36060459426,328827716755.97394,-2.143205476076931e-06,2.123835456042999e-06,-2.0583628433795944e-08,-6.929577934132057e-07,1.135964100171442e-06,4.680220289659745e-07,-0.0056243631630128,0.5408041555744124,-19.58590685053529,0.2513622981142425,-25.19380795942592,0.0532032934304579,0.0002134907710346,-0.0002653218984622,-2.53810620318554e-06,1.881998507358698e-05,5.6199459198722085e-05,-3.3183634490718175e-05,-0.2073798066149747,279679.2048371432,774960.5124324401,129968.29751421556,-2124813.040556317,5.682531176059062,2910304.416871174,-2.2702707169536928e-06,2.9543330884871926e-06,-1.5571416471844893e-07,-2.361865054066051e-07,7.615244538266278e-07,1.3007402223333725e-07,-0.0033223272180683,0.2071469785941746,17.0985311218421,0.0963715017916516,14.947018939360122,0.0319558147029002,2.193908508618809,0.0536038744800891,4,5,28.86896742256862,0.193
565867.8944294201,56.10472184953444,0.4170688654426331,15.089869129737483,0.2988887182576804,-0.3653842365770441,1.7963573138652935,1.4516353205569852,0.2520420305143511,2.0739109884051423,1.8926368605116404,0.4794901206004342,1.991665975103393,4.851636779540806,2.066780659135466e-08,-5.048574433628781e-09,7.450742130508283e-09,-2.347329588298206e-10,-2.647713083581894e-09,3.891272760305192e-09,5.675191893627343e-10,3.235950279998827e-10,-1.0333863468534742e-09,3.7469058202012496e-10,-2.997300953503467e-10,-1.1248002622199796e-10,4.945648330292931e-10,-1.4909236968201408e-10,2.27908520953487e-10,-1.231983680483583e-09,-1.703530573933307e-09,3.7439761933587995e-09,-1.17529237550893e-09,3.367793343450112e-10,4.15243635936545e-09,-5.036918520398491e-07,-1.9207268058530742e-06,-8.210368892859405e-07,-1.7714662903704183e-06,-2.379207663188977e-06,4.603574069217476e-06,0.1345908405841213,0.0017835059547212,0.0074551617981903,-0.0131983511752977,0.0032822268411528,-0.0003897114242141,-0.0133732785827449,-20.127420791800866,11052188.90460935,-0.0272364081920797,-0.0151869446814266,0.0455995643057211,-0.014997922886145,-0.0093177454075494,0.0668029453378566,3205.460023757531,4200797.319686091,-35184215437970.01,-0.0001243405400697,-0.0005197188815214,0.0009201885092173,-0.0002288286112121,2.714722159216777e-05,0.0009323905298246,1.403634532722524,-770798.8875058467,144883.03340395968,53756.85814382573,-0.0262572831338791,-0.0110938125138646,0.0383532649547581,-0.0131958649957256,-0.0095317936265263,0.0594606517848862,3194.409662116616,10268602.089059943,-35184216573062.56,-715589.8616206014,-35184210934427.742,1.5170917156051649e-05,4.844601185517532e-06,-2.317173903841376e-05,6.610544453017173e-06,-1.3290252241412356e-05,-1.2585009542569716e-05,0.1695744960584622,-14.15493033971158,1482.9862067449674,0.9886010285187832,1475.22019394246,0.8022009083638165,0.0020472389842846,0.0085117464678694,-0.015077803826296,0.003750888143467,-0.0004603858598564,-0.0152653514268945,-22.743267639677807,12584697.699262517,-2353440.730269333,-877678.7150041702,4555732.6073305,-15.155360495913753,14329707.1907235,-3.920894077814351e-06,-6.114519712349964e-06,1.2976540031772465e-05,-2.4634350167558045e-06,9.702558920348464e-06,1.5534246485162726e-06,-0.1450833108317973,28.24360674305569,-672.3610018690574,-1.970407605088752,-656.8591851696544,-0.5861692517512026,31.48387150437104,0.6474718866912286,4,5,10.403176059103345,0.208
928266.9443144792,91.3226076367418,0.0084865384556259,15.16417104669116,0.5845083856946643,-0.6964858729995138,0.945538652372106,1.5027709419896425,2.376696225911774,0.6483597803805926,5.962609258396972,5.351104253892985,4.311554554423016,5.432587700218751,3.848558227925313e-09,9.838564364043253e-09,3.8260829604739433e-08,1.7160580256293235e-10,3.815920268096384e-10,8.020301830824594e-11,2.9531608486350884e-10,9.743461662875079e-10,8.788841444525908e-11,1.1147318174043258e-10,-1.572945172425537e-11,-8.908714727696962e-11,1.5583831245171764e-12,-4.109940898894442e-13,5.311523785730807e-13,1.5380438887046777e-08,4.524140037602507e-08,5.825844365528923e-10,9.078284370031223e-10,-4.12302290160806e-11,9.332641100297968e-08,3.618349040930044e-06,2.15333636520336e-05,-7.136263956084379e-07,-5.123522577461867e-07,-2.1578728675652285e-07,1.166641418479471e-05,0.1474863361458314,0.0002294388325382,0.0012504054502037,-2.546433391595417e-05,-3.083084191685953e-05,-9.447851128087376e-07,0.0007358841547126,1.0343942246787965,1245217.3351586391,-0.0211745279794845,-0.0648710092295058,-0.0026185750480179,-0.0032606034777569,-0.0002035843717489,-0.1111175811852195,162.61265595961984,-1789584.390023906,42291545091.37075,-0.0002078868074715,-0.0011309779094358,2.2809480793335976e-05,2.760369874479953e-05,8.493169831930606e-07,-0.0006653738348062,-0.9274975879157488,-1124310.704931669,1617804.3108870743,1015143.7290477344,-0.0210436481940895,-0.0641595096808779,-0.0026327893232214,-0.0032778029182949,-0.0002041212038995,-0.110697330872247,163.19687899985118,-1083095.879627914,42290528500.59033,977949.0420819132,42289913978.74008,1.3943463446206754e-06,1.8962082365815603e-05,-1.528535032326576e-06,-1.424042666810666e-06,-1.311360781789694e-07,2.627903198650828e-06,0.0710292692741889,4.377260061409306,29.823466641648817,-3.949424988203554,32.29985340907023,0.0921582852966702,-0.0001640391584676,-0.0008767017365126,1.580069661190966e-05,1.9587513081363485e-05,5.315605491679691e-07,-0.0005283122947046,-0.6559541936973888,-886340.235702444,1275443.9950241167,800279.4350343256,772568.5574688247,-3.0021170582396755,630893.2457744367,5.9507970256276505e-08,-2.8971096596708083e-06,7.976432974364689e-07,8.173367055384788e-07,3.4701270490203914e-08,-2.5334628319262245e-06,-0.0171161255177333,-0.4511418259493078,-35.36771414616788,0.4056541192245212,-35.62121622977621,-0.0243160128477985,0.2888106478165899,0.0206050916060203,4,5,14.64596180283328,0.314
1058880.5826626697,91.03377691801823,0.4630975790824093,13.396756682575102,0.0867063758397458,0.944638490167595,0.3591788074113052,2.839407294086413,0.6196052789814157,2.0861919760097534,2.2255378154006027,4.855634256798422,1.957413721584456,4.961734695957904,6.224030231067307e-09,-6.366273778554921e-10,3.1044975575789727e-09,1.106127365145931e-11,-9.653285684320204e-11,4.211053694526724e-11,2.238909825349884e-12,6.156344515490214e-11,-5.863774650572185e-11,8.512135401222828e-11,-2.3241707656324404e-11,-8.623733608348963e-11,6.554487167038602e-11,-8.79269464088712e-11,2.0752129775190195e-10,-5.742008640470344e-11,2.6978351111787566e-10,-4.41348007041642e-12,-4.308482849675958e-12,-3.1912022012413306e-11,3.8043966096998495e-11,2.095480206265721e-09,-1.2734049763077493e-07,1.4914834957420485e-07,-2.378642506146122e-07,1.3833440820080864e-07,5.908264806597697e-08,0.0011580386913985,0.0002210098629067,-0.0020588368988363,0.00036533819458,-0.0002853387884336,0.0043162085203355,-0.0012130445275692,-3.1766634023573093,7187834.264256253,0.0073943813638546,0.0853333790820766,-0.0013414294594849,-0.0006246599508416,-0.002928055077298,0.0085445049984949,14.599083958870802,-4327169.066803674,109953969638.716,-7.743700677507041e-06,7.258050870465143e-05,-1.29353337095641e-05,1.0171033846809847e-05,-0.0001517937977144,4.2611998030126345e-05,0.1113942917742547,-252502.4003723809,162648.8076808212,8870.191955392751,0.0075195809234674,0.0841677697738209,-0.0011345495167786,-0.0007862702356647,-0.000484502669892,0.0078577638840224,12.800948971160844,-258032.34368904188,109951348273.73717,9049.741117435056,109951202194.5568,-5.220281178235569e-07,-1.7041906914946513e-06,7.552524244042939e-07,-9.509317448824848e-07,3.2707801055462696e-06,-6.617729140111053e-07,0.0002374255459903,85.5462319356822,-58.763981615072304,-3.007589917146684,-10.334718979884364,0.0596052243868461,0.0002533454122539,-0.0023655366052075,0.0004200462440786,-0.0003282191048444,0.00496027249492,-0.0013939323812452,-3.649459993531453,8255851.452408711,-5318495.710976425,-290020.9209276404,-644739.0404336851,98.30704316878642,9482561.930530973,8.575705865675425e-08,-1.893406563947615e-06,-9.079636544316454e-08,2.997061213577871e-07,1.6296415598231215e-06,-7.960009773671532e-07,-0.0025317139876259,66.54143376904916,-15.5906521129309,-2.337572436005591,22.079115839122306,0.0341285035983695,76.46273728221593,0.0648435158172379,4,5,45.38806387223445,0.158
1147009.7036734642,70.42176442413859,0.5762929254768345,11.5638277732336,0.6685258883568318,0.4926402240272378,1.183397533854281,2.965691186899976,3.080592159722169,2.7481053995960947,1.6382708619414352,2.275264297902724,0.8183648897391901,6.0276286291404855,7.059422134433601e-09,4.4787647999492204e-09,3.5154840646351693e-09,3.2008104497461486e-10,1.2605866825955484e-10,5.75800574383225e-10,3.3506901927324995e-11,4.275428489139868e-11,3.3781116936598668e-12,1.771921543525907e-11,-1.0995106234682471e-11,-8.763035186071881e-12,1.2781472895613949e-12,-7.849374779607839e-14,6.47766669398912e-14,-3.102162044559537e-10,-1.2911923610283402e-10,-6.26560098017946e-10,-2.408874875242377e-11,-1.4364203911735932e-12,7.08811132740597e-10,6.211420042423081e-06,4.555495290349436e-06,-8.426461166571743e-08,-2.4708335087646013e-07,-5.1762867186640976e-08,2.875945914590882e-07,0.0717810639524503,-0.0539533258329308,-0.0414695062953298,-0.02797947282099,-0.002517287478268,-0.0002176375997954,0.0347417313476566,99.44449832321392,22028841.088220224,0.0465946722267698,0.0387255372289893,0.0141914917015327,0.0022064748063788,0.0001305250084711,-0.019410782202276,-649.7939774588859,-18775138.35044493,-4397989909500.0415,-0.0069129001733786,-0.0053132499486023,-0.0035854511263313,-0.0003225228266655,-2.788563173494997e-05,0.0044519062515309,12.740152073833336,2822410.5815202817,-8200489.520959818,361616.917941623,0.1754882213660738,0.1377956452776847,0.0810333459518823,0.0082202438825342,0.0006504568877002,-0.1024075253907344,-887.3667395724176,-71401767.99787897,-4397837000650.742,-9148045.22353055,-4397666423686.9297,-6.946300014045653e-06,-5.643073568077447e-06,1.4184973626697689e-06,1.5447028413126393e-07,1.8678770827272424e-08,-1.653386706893715e-06,-0.0227911560342476,-9.94631362303643,-44.44890309907242,-1.2769673847127303,-20.68286567930979,0.0424517962353742,0.1395508382813607,0.1072619075539816,0.0723711918846492,0.0065115483611989,0.0005629679064019,-0.0898628549123948,-257.25411543573654,-56981432.74296533,165563157.56828278,-7300656.359482038,301691097.6237032,25.75579852795176,147392396.45004964,7.692780170166001e-07,6.485258584006226e-07,2.1327572120862e-07,4.98384355102878e-08,7.255560576282363e-11,-3.098706637489929e-07,0.0009377569666205,28.33351230319613,-81.54692135178851,3.62986551407086,-149.23572172410087,-0.0032477840139778,-73.29477017992443,0.001650016929988,4,5,12.836549890210954,0.177
1872553.2759219764,43.23772599977973,0.3626536752160764,10.17691582589064,0.248917223100074,-0.5083994862878098,0.1020076710684783,0.5977932711051939,3.450525962382612,2.043655919628396,1.2939689035221036,3.5442087865212506,3.7930901261037775,0.5771364243470082,5.1519251099621535e-09,2.3126811257081554e-09,1.2705791086811043e-09,-1.3463939449663623e-10,-4.851736877772491e-11,4.3628638511356034e-11,1.5298089432358627e-10,4.300047706932246e-11,5.666448097648043e-11,2.560666077155805e-10,-6.971124848553516e-11,-1.7698415190156538e-11,-3.832927196172949e-14,-5.861048192653129e-11,2.899968080951116e-11,-2.7007255827086967e-10,-5.1367149041967714e-11,-5.6989663154784874e-11,-3.5499829050379704e-10,8.13703232223968e-11,5.261806246401276e-10,-2.3269223128256733e-08,-5.400967058085247e-08,-3.646152381336736e-08,-5.2744616400917254e-08,1.4620714562447128e-08,2.991176020769862e-08,9.972485317625108e-05,1.09019958627263e-05,8.063722521111988e-06,-4.367999025621743e-06,-6.428747908056956e-06,5.8819733592388e-06,7.413889313367652e-06,0.0051604599003317,43624.32295788044,0.0001126377346146,3.265380014318772e-05,-7.336423562591981e-06,5.02406642762291e-05,-1.795886431250958e-05,-8.508759352600331e-05,0.0320476732111564,5541.212760625643,2459414389.0313144,-6.025191662025793e-06,-4.437141591746655e-06,2.4358593966593524e-06,3.578329258268687e-06,-3.255345925322789e-06,-4.111117406105347e-06,-0.0029003326930978,-24116.987884469323,-3071.407292660277,13332.681858408334,0.0001080219180196,2.9211393614567672e-05,-5.49150358236237e-06,5.295758355204229e-05,-2.0460541901277063e-05,-8.823464698129397e-05,0.0298898936906364,-13055.21786007004,2459412021.355136,7217.592762314187,2459417587.4541554,8.865485232241707e-07,1.2142903274142973e-07,-2.975379342596304e-07,-3.2782298202969275e-08,-3.670241909676729e-07,-6.514683138273766e-08,6.051095644801853e-05,-0.2035015725168681,0.258307473190994,0.112135290933377,0.3447414470099649,0.0134587836154308,-8.042892074383608e-06,-6.975891004886752e-06,3.4158344443686846e-06,5.577677906877882e-06,-5.89573682366864e-06,-6.634965547232505e-06,-0.0044550951745649,-40832.81698979602,-5200.547458601708,22573.74935186865,12205.905508102289,0.2085754924692239,38219.97023817301,-1.654905952071334e-07,-3.710846882723447e-07,1.187888550391589e-06,3.3759579468129416e-06,-2.651832002154419e-07,-4.7733961485753225e-06,-0.0004859059150867,-0.0099607825558712,-0.0855736616678073,0.0058385505576171,-0.081572164700576,-0.0119197688619473,-0.0119922066575435,0.0875501602157375,4,5,17.969089393246417,0.154
673392.641932692,40.34085563394511,0.8175297113977221,13.801203066086192,0.3396584596144655,0.1401325269834787,0.142135585271926,2.0195520804301617,0.1566659368094889,3.016417878066201,0.3453286251230983,4.646419253143968,1.1794826240979166,3.504494355948342,2.453862537602556e-10,1.5823176855898716e-11,4.3327789783265565e-11,2.443351045583862e-12,6.721336303385263e-12,2.380660972259228e-12,3.087987194982609e-12,6.101076848305518e-12,-8.787331606880322e-13,4.095675866806855e-12,-8.625368084148869e-13,-1.3595629073888076e-12,2.7104070112352773e-13,-1.0576135107027702e-12,3.090671804145152e-13,-2.299863134611831e-12,-5.239136354588832e-12,1.9261625563042484e-14,-2.338232438491299e-12,5.650912613321835e-13,1.479130457290885e-12,3.084630235653461e-09,4.4597565550802506e-09,-7.22168541222098e-10,3.8223302477075695e-09,-1.3470828916896803e-09,-2.165256004185542e-09,1.4096590757114692e-05,-0.0004182977765371,-0.0004891780132524,-0.0001559567210676,7.131103697731994e-05,-1.887497076667814e-05,-1.1151012401361422e-05,0.0189292400306656,634295.0369274309,-0.0015216935837938,0.000196777087998,0.0002786873719881,-0.0001652599694261,-7.289753719780573e-05,0.0001134610459266,1.953689276662477,-713339.9480162853,183253337248.8561,-0.0004108726004715,-0.0004804905420338,-0.0001531863311046,7.004405342865924e-05,-1.853957684513497e-05,-1.0952844749900042e-05,0.0185992266156588,623039.7298340918,-1155390.883679093,611984.1436685349,-0.0021451337629833,-0.000532304279442,4.624706626340482e-05,-5.89775473544993e-05,-0.0001010288592846,9.684173299867126e-05,1.9819177532999883,232034.9229551605,183251584049.59747,227924.56497979435,183251929836.3311,-3.310715264703914e-08,-1.0515251713425309e-07,1.3769578960923396e-08,-6.057202659426772e-08,1.878291061247481e-08,3.2348144078579093e-08,-9.850116778899769e-05,-0.4965056002450506,-8.728131433889455,-0.4876723505031237,-9.46811323734622,0.0013538685206923,-0.0006284067029879,-0.0007350019167903,-0.000234283126,0.0001070694450687,-2.833723319924419e-05,-1.6718714315890107e-05,0.0283579556730706,952824.7057143396,-1767045.0049972644,935917.2195691008,-346922.6924055686,-0.7445756548225715,1431313.299355327,9.212922715171981e-09,2.41084205037087e-08,-1.0344494073052327e-09,7.1726502115464265e-09,-8.43215817269055e-10,-5.442672900822309e-09,4.122143223114846e-06,0.7652341827880986,0.8906643344187655,0.7516562922613171,2.031202649246951,-0.0001194959775805,1.1494135470338582,0.000294522068479,4,5,115.18823748790646,0.308
1483456.684894274,95.66177447975772,0.4973568941935814,15.34521995977089,0.2415061281424214,-0.4175443756064256,0.1836685835861784,2.6150516249107545,2.970664631892848,1.574732574966617,1.7538231195894871,3.5636497525965387,1.6954171426951432,2.462890777228361,6.131731390238275e-09,3.3375379414552616e-10,7.693417634112866e-09,-9.542711332970076e-11,-2.1361191286752634e-10,4.644482360686777e-10,1.2244945835391354e-11,-3.1629713510828956e-10,-1.0271882898486526e-10,6.050039167770162e-11,-2.406746874099737e-11,5.2985652791905515e-11,3.192783213832349e-11,-1.4762442216580955e-11,8.858646003610916e-12,-3.322912658088488e-11,5.837833248798821e-10,4.4471002028198535e-10,-1.620677611869372e-10,3.6580666044965455e-11,5.52377480882399e-10,-5.832783928764038e-09,1.1632951066467156e-07,1.3825915927098816e-08,-6.091269662517047e-08,5.381838392051509e-09,9.537998482312501e-08,0.0003086648818824,5.172813454729438e-09,-1.0954668352613656e-06,-8.20418189755239e-08,1.6839776675455256e-07,-2.9608245090583655e-07,-4.25848648794881e-08,0.0003016637553461,10418.748908161177,0.0001158664826966,-3.8174151440570185e-05,-2.3003781760188724e-06,1.5012590667667096e-07,-4.95101659646834e-07,-3.020824309476181e-06,0.001131578126247,319.32571821146,687033753.1163459,3.26609911425388e-08,-3.357555921221442e-07,-1.499869501112266e-07,8.586939694178416e-08,-1.1205192560564765e-07,-1.2882432399348666e-07,5.015226991441923e-05,3611.243181588432,110.77397564791094,1251.6970734386343,0.0001158768301589,-3.812504976560439e-05,-2.3784311252248937e-06,1.672142011231252e-07,-5.004693334320505e-07,-3.0925511415879933e-06,0.0011013123355818,280.8567680437061,687033752.234626,97.29019654763896,687033751.4984602,4.408754272590915e-07,-6.937954261947395e-07,-1.3640948198170043e-06,4.900611874676224e-07,-4.102567963113303e-07,-1.3108343574499363e-06,0.0002537505326607,0.017884723643709,0.0287220903944343,0.0066024302178068,0.0289016818369838,0.0236313083660609,1.27960163796668e-06,2.272877715973077e-06,-5.195208237435395e-06,1.1758470184951845e-06,-3.999049744770332e-07,-4.9665437873182704e-06,-0.0001275931364447,-9772.86499941985,-299.8368997317902,-3387.3722510086413,-263.7513672709338,0.0199014168610838,9167.111099250296,-1.3517896545029862e-06,-6.854167008028964e-06,-1.309976717136339e-07,4.972527467372244e-07,1.8277143753115248e-07,-1.4034704164636434e-06,-0.0008827297178824,-0.0133416564413905,0.006715731495004,-0.0046400387738313,0.0067211424230451,-0.0131490224265267,6.037960402019086e-05,0.0849467117623154,4,5,15.496062914891338,0.228
3223975.5221234304,87.14066557413194,0.1173189336384387,10.19398622687444,0.6503370565052947,0.4768836137477079,0.1739602203168469,0.2458202651816349,1.3010938096370668,2.7919502806212115,0.8916828440819174,2.376934815926975,1.3139917588769066,3.12683439128388,3.292736343387357e-09,2.5820933212882284e-09,5.143052424898052e-09,-1.3003206117519156e-10,3.5329265144570845e-11,3.196816358757899e-11,-5.4467604913961855e-12,5.826784622423219e-11,-6.4018661441344856e-12,7.782325243158775e-12,2.6486062826510937e-12,-7.1725806213511945e-12,-1.797488601816324e-13,-5.208457897616264e-13,8.2438873896313e-14,8.73467360828792e-10,1.0254498967041717e-11,-8.225878474529611e-11,-1.3154619817144855e-11,2.966295078429871e-12,4.42452513705013e-10,-2.5400854496503992e-08,1.8321165946777645e-07,5.924150661517293e-09,6.125644021024925e-10,-3.671490186074321e-09,-6.45387773434784e-08,0.0005949618195857,0.0002582732905842,-0.0004699280097838,-2.211243956695375e-05,-9.616327515575425e-06,-2.1603768057810049e-07,0.0002636386991302,0.0110244502077871,429403.1988944248,0.0002774991918131,-0.0014311478350851,0.0001735815252595,-0.0001797836689031,5.533097780138281e-06,0.000402030810599,1.2067180319181012,179973.397427351,39400277818.03551,0.0002372032426852,-0.0004311170050733,-2.035486894955035e-05,-8.806411678472489e-06,-1.9783356760474588e-07,0.0002420320461488,0.0099180028668101,393915.4262684599,167092.1109072822,361360.5251352427,-4.591049639575435e-06,-0.0009180819402255,0.0001977445188109,-0.0001692934800726,5.769157765091494e-06,0.0001141696717627,1.1947901909075656,-288817.5830311147,39400078961.22778,-264949.2757344669,39400394268.38848,1.0270340732171963e-06,-2.3500893683743417e-06,-4.620544404193448e-08,-1.0230496475766696e-07,1.5877222787806003e-08,1.1456424125367076e-06,-0.0011353004797212,1.371048277936712,5.108439668583892,1.258054294588272,3.615671151225453,0.0179791279508068,-0.0002984382170199,0.000543621394042,2.549376873820171e-05,1.1104023164262418e-05,2.675988671873688e-07,-0.0003048122648418,-0.0138675846675508,-498981.2798335298,-211656.1598004205,-457743.26786706015,333095.1152891224,-1.5775470975312835,579833.4599400585,-6.138617028057256e-07,-9.993710001474624e-08,-1.6915000873770012e-08,3.644831987173628e-08,-3.14329095900673e-09,-2.721020119670598e-07,0.000144494994089,-0.0607079592076404,-2.346945502775509,-0.055659415468449,-2.280716010469699,-0.0027746841537102,0.0678417940704781,0.0010346845795695,4,5,12.563682279287915,0.217
2242826.594262517,91.5470157192173,0.1076813473931498,14.197032290084056,0.6460585826559175,0.8612859891670825,0.1048902733502103,1.584815060616388,1.8403132953412005,1.5450411376759527,3.621625738329608,1.0358834211956245,1.2995372873121185,1.1117532769922422,9.30087143021545e-09,-3.848470010477279e-09,4.268173170849374e-09,2.7373632405078493e-11,-2.2191369853868903e-10,1.7209295635705034e-10,-1.3959013145027112e-10,1.2688623649518406e-10,-4.4415089827867427e-11,2.0430128450797595e-11,2.7336434871776665e-13,-6.51589388318686e-13,2.765663537246677e-14,-6.120690141118518e-15,2.88926513573612e-14,-8.312503758338466e-10,1.8071308961669662e-09,-5.144489348415725e-10,4.2356419549986396e-11,-1.009072808306853e-12,4.226829033415991e-09,-4.7753142736240755e-09,-2.9797160616628687e-09,1.314978609394146e-09,2.552281119104807e-13,1.638250759395369e-13,-1.2631355749525732e-08,7.93501553993897e-05,-0.0002279420598005,0.0008556106368438,9.683048291024786e-05,-4.2879767089648224e-05,-5.641083336305325e-07,0.0019271761131009,0.021103083096937,1138567.540798359,-0.0013099762367076,0.0003752059329817,3.086174035765866e-05,1.132915201310418e-05,-9.854874831214393e-07,0.0003423258907046,-0.0140615408401636,51698.23075107701,2603937533.3348165,4.765457603329657e-05,-0.0001787934417212,-2.02393130227644e-05,8.960990199672924e-06,1.1788840075190229e-07,-0.0004026806920565,-0.004432854144343,-237920.47195542743,-10804.04093146676,49716.992117464266,-0.0013043340420896,0.0003535965705117,2.845385709459608e-05,1.240773650085114e-05,-9.712558410283446e-07,0.0002935151729238,-0.0143789108969616,23015.75051182053,2603936229.9652734,-4809.343775152337,2603935649.290672,-5.797332609152798e-07,-9.700786277719981e-08,9.572009672382265e-07,-2.8189307705160176e-07,1.3644795063888156e-08,-4.5775896417540453e-07,-9.002851328891255e-05,2.9576127078778605,0.4365635876618288,-0.6181379576120449,0.3601178401098373,0.0300869166484061,-0.0002238145931681,0.0008376631680316,9.51355100100958e-05,-4.208386650136265e-05,-5.383539527221271e-07,0.001886313822787,0.0206974648941757,1113802.2033151342,50579.05196039805,-232745.3906942772,22520.45449641244,2.907966437820067,1089575.5629986543,-8.10500058513285e-08,2.1074803997736e-07,-3.580624867803297e-07,1.4904174813729012e-07,-7.50757356126879e-10,-4.440356960585048e-08,5.094075343346539e-07,-0.5859457495320693,-0.156767240854529,0.1224482725332682,-0.142011890931726,-0.0045770213678989,-0.5766174944800276,0.0017965758378699,4,5,12.569465067201428,0.264
1085690.4505100404,92.08717347865924,0.4159655252569378,15.4269472233009,0.0107749454977837,0.8305600732743743,0.3507133158102847,2.120766438112726,0.7710961334576357,1.7638589515365286,1.710851032801975,2.634745015945159,0.9748756338365118,4.838021577107225,1.1988554949413612e-09,2.3186346357634608e-09,6.983013706201568e-09,5.222029408474433e-11,1.1644140252108443e-10,6.346995600441695e-12,-2.0502033740916307e-10,-5.523037143252158e-10,-2.023831745034483e-11,7.204193764757662e-11,2.244703223799201e-09,5.247699618623558e-09,8.824455199943086e-11,-3.9232923245717606e-10,4.960007924005075e-09,3.8701889697923244e-10,1.1217158102020187e-09,3.462195555559877e-11,-1.3051975325901309e-10,7.770298041209881e-10,2.4302145798817205e-10,1.0005874668372798e-06,3.1565575386499977e-06,6.771005403683979e-08,-2.972852362661652e-07,2.184625079672733e-06,5.803927217921435e-07,0.0018668457661193,0.0006849406733806,-0.0064827900736192,8.789727221426785e-06,0.0003287829798913,0.0004146753873865,-0.0009073613074408,-3.817367651380165,2838949.885495075,-0.0012606927547645,0.0035589891281319,-8.358988522297022e-05,-0.0001141896737261,-0.001044444726763,0.0006628956718851,0.538651325694,294101.81798770814,35325826801.02256,0.0004037850224737,-0.0038254549527829,5.147446153385808e-06,0.0001940991855945,0.0002441053238818,-0.0005355379376494,-2.2524993016744315,1674940.3665932044,170087.83141120616,988191.178849716,-0.0011520507533566,0.0025368635553498,-8.213967264211808e-05,-6.249287876250035e-05,-0.0009780971981327,0.0005200143140881,-0.063311483715726,742222.7079354833,35325872306.037506,437908.36686543294,35325989464.93156,4.933693843546293e-06,8.054427478420569e-06,9.632782277618637e-08,-4.255787722209461e-07,1.0902121246285993e-05,8.396411382449713e-07,0.0023607724069555,18.87221534741404,-2.050779554922986,11.133833268505557,0.929326448122077,0.0342210050710284,0.0005681104677602,-0.0053259405014384,7.277479376234758e-06,0.0002702115951434,0.0003515940774881,-0.0007458864480141,-3.138556061061552,2335600.457280925,237174.59029179983,1377971.3075249868,605843.0766107341,15.559390214972638,1921495.5569303068,-5.628438703176893e-07,-3.158535248613548e-06,-4.0253220440687894e-07,1.2223886915139198e-06,1.234281718074844e-06,-2.0408348613368685e-06,-0.0033903715061537,24.3245745602865,-707.8838389060679,14.353605705119142,-704.0481374058819,0.0164404926152439,20.03149699025011,4.132682731392702,4,5,67.00697822323173,1.536
944926.0055261224,83.41096492708412,0.7312715157312573,14.189361280546391,0.0746363395349415,-0.3420818613582352,0.4433823359253658,1.4064944817709235,2.060352752161464,1.5373810189369952,5.682714765663991,1.1122557673823583,0.5596975715854688,2.957796461751572,9.477522175921516e-09,5.4929795872999164e-09,6.185565759615638e-08,-2.3474347289960594e-09,-1.4955072950273455e-09,1.523212831245279e-09,1.1847830431584843e-09,-2.7051227166314116e-09,-8.909954918377602e-10,8.408204741594876e-10,-2.255583356205818e-09,2.582765718216146e-09,1.1864054198253612e-09,-8.82932098358433e-10,1.9559678397172462e-09,-1.5307506121143383e-09,3.5341599754778806e-09,1.185459358999611e-09,-1.0788585429187534e-09,1.1011788055493675e-09,1.406809319451696e-09,-1.6886455880709623e-06,3.793608173261723e-06,1.3870780007296626e-06,-1.7250673480398386e-06,1.2211500185022128e-06,2.032980392771082e-06,0.0070092136248969,-0.0013307383309971,-0.0019220495195588,0.0008718688851469,-0.0003014000066061,0.0005007604405363,0.0004140016007587,0.5680292503223451,1019954.5595070188,-0.0025252698675539,-0.0204531637940916,0.0030908499780381,-0.0007687651751755,0.0009865673828664,0.0011272191936193,0.452899576513931,56404.91222490319,177699053434.13318,0.0011802800082258,0.0017042310566261,-0.0007732590293217,0.0002673994637386,-0.0004441715200758,-0.000367283614968,-0.504195538945644,-904331.95653571,-45776.97413471076,801816.398238123,-0.0025466323912035,-0.0204830196265083,0.0031048244277505,-0.0007737679735537,0.0009947300222697,0.0011340582212909,0.4628931450131562,72172.73325589244,177699054245.85983,-63994.39507226473,177699055375.2279,2.267852529763504e-05,-1.081256056383136e-05,-9.945499222042391e-06,6.014884194514984e-06,-1.9603136237738744e-05,-7.415543674786561e-06,-0.0033191187286422,-2.828513656727059,-8.898845085717907,2.508361914137397,-8.946128617897216,0.2261152135370153,0.0006541905804947,0.0008890148626483,-0.0004238002458018,0.0001516021458123,-0.0002590617079756,-0.0002071426262168,-0.275988000906517,-471959.6062024112,-23925.12802404092,418458.01154837786,-31221.31735841138,1.6033454607874889,218388.47532891727,-8.254033717761474e-06,-4.046515792713438e-05,-3.87180200397397e-07,4.923020572085971e-06,6.775072048024337e-06,-6.744829383725639e-06,-0.0154533258526803,2.538570974698,447.2065500096626,-2.250325318243248,447.24509927472593,-0.1158937704307865,-1.2832805500546522,1.0003522402956229,4,5,13.186253955458684,0.224
420269.6872151052,39.90901857112194,0.2360454781842463,15.421249784642557,0.4500486346340246,0.3651246096981477,0.5506977320172702,2.5613342610857663,5.820384358491991,0.8815683783379424,5.384427303071761,5.72162751608123,1.696072507328307,1.4558367960278635,6.563211405446867e-09,8.682167642938105e-10,2.228128498108957e-09,-1.0743227237278403e-10,-1.6445625821236238e-10,9.560123565212152e-11,1.7641061388662354e-11,1.7273403606420047e-10,-4.923024202600162e-11,7.052982477002112e-11,3.366840120505516e-12,-1.4971244434835434e-11,2.163534817738989e-12,-7.496660188057657e-12,1.0398970214396312e-12,3.4568910638276124e-10,3.33776352531529e-10,-4.74300239621173e-11,-8.182789417488319e-11,1.4003616772731418e-11,4.008696118515532e-10,-1.977946367886685e-07,3.251741282491598e-07,-7.70499138924135e-08,2.487665896900597e-07,-4.432250654923445e-08,-5.049461051570747e-07,0.0039929190379935,-0.0598556032503782,-0.0424683658078927,0.0315359531561685,-0.0183493728162563,0.0011338484304478,-0.0140298967306901,-25.74829209704152,228258673.7357061,0.2460574268104788,-0.3878801492632843,0.0269683660071376,0.0036418791936888,-0.0017130750974825,-0.1435160692063485,100.46162275822704,32144749.18079738,8796123082875.623,-0.0542570239109072,-0.0384962313473037,0.0285863343483573,-0.0166331159119608,0.0010277965109004,-0.0127176600295178,-23.33972928707646,206908811.5786096,143325395.2637101,187555879.5277577,0.2252292711663248,-0.4026580836102224,0.0379420716736717,-0.0027432316071724,-0.0013185252753607,-0.1483981226699351,91.50197224408863,111572752.36710352,8796178102023.213,101137679.3053082,8796216926181.268,8.745042622674948e-07,-1.5044605177913457e-07,-1.2930280981153777e-07,-4.044828971602338e-07,7.350164067035713e-08,1.4416551296913073e-06,-0.0041358132067999,-89.12642130325878,-351.69064429607056,-80.79021424129634,-382.7043269419173,0.0108651135883645,0.0327530268738676,0.0232386051450528,-0.0172564783952422,0.0100402503893723,-0.0006203538530725,0.0076785920791381,14.085069227800382,-124897651.3751031,-86516684.8873886,-113215520.7671521,-129977776.15291688,48.78050446084154,68340988.18563223,-3.178471808575615e-07,-7.276278921736701e-08,-6.767036604950734e-08,2.505944301769056e-07,-3.3034699440072266e-08,-7.185036589367268e-07,0.0015604776153829,-115.92206220184129,47.66875610250786,-105.07954854332036,7.330885565615253,-0.0050740362909108,63.42522901802749,0.0051065514077656,4,5,18.12336587837078,0.13
1015469.2401505766,68.15967695377657,0.0936765923610765,12.37562030979053,0.0572393781101172,0.0767969699439679,0.4482146448715777,0.6482687783452112,2.00730946702758,1.0271967282387202,2.3535954066724143,1.641336207664989,4.456712542137879,2.801754353716841,3.971820574581858e-09,-1.6123983934104944e-08,9.241620447490817e-08,-5.598236707388325e-10,-6.066115360800442e-10,1.081630036152441e-09,7.350492804992846e-11,-4.1271493937754355e-11,-3.970079345767023e-11,2.685960011092282e-11,7.721564704849862e-10,-3.351268466657248e-09,1.8347113169782037e-10,-4.9026248772736887e-11,3.0181122311049717e-09,-4.881699326370146e-09,2.7317734968546383e-08,-9.293683462194727e-10,-1.293764198849086e-10,-2.116385391649183e-09,1.0343749788759624e-08,-9.463838747293615e-07,8.243235829286375e-07,2.000628606632975e-07,-4.054992101426048e-07,6.928333451261232e-07,2.3799696091381043e-06,0.0076290591758683,-0.0048768301017648,-0.0014366748732324,0.0085984055809848,-0.0003272589275736,-0.0047098530374332,-0.0045250687827226,1.7764798032772682,82566600.07591318,0.0120203515547484,-0.2176977522928881,-0.0119323964913011,0.0041452685011445,-0.0111720585084093,-0.0674105495916963,508.86712727516897,-23316279.32735465,-8796078583333.805,-0.0045875260483407,-0.001351379246623,0.0080881405958898,-0.0003078407667001,-0.0044302679442137,-0.0042565156498598,1.6719138071703346,77665429.70602833,-47978517.77246963,73055193.81912836,0.0130206762296129,-0.2174033797069013,-0.0136959272606862,0.0042123877523329,-0.0102059932134867,-0.0664825402160296,508.5033128536334,-40251897.53700517,-8796068121602.988,-37862938.88598488,-8796059865661.57,3.883598176730926e-06,-1.7164241242432488e-05,1.9708534317467783e-06,-1.6622489549273718e-07,2.623026526368585e-05,-1.5035872326627612e-05,0.0018084089321127,-44.657464081177054,-60.9490693106174,-42.006440284629626,-51.78910486265007,0.2479443162105832,-0.0019253602767069,-0.0005818251818727,0.0034026236453286,-0.0001296089431264,-0.0018430620238136,-0.0018016583124348,0.7043179925963929,32743733.592256386,-20227515.794806115,30800058.827378456,-26943734.83134522,-17.47863569198794,12985300.512255697,1.7049058263358882e-05,-7.87696110537126e-05,8.067580473139821e-07,1.0440929949783148e-07,2.3194040825886524e-05,-3.501539635307145e-05,-0.0019503924991486,-35.92766469749765,-82.02412032589154,-33.79512564842328,-74.6547748300242,0.1848393554830101,-14.069388274822195,0.6691715470290339,4,5,13.909205057175296,0.559
759342.018999081,36.22739789253899,0.8023221348418643,13.04157233111053,0.3431354115278343,0.128431704584933,0.3194097228336475,0.0242748381084407,2.4330719862467665,1.303261769191301,0.2791827777303642,5.876743661286092,5.817767689136709,3.665331722732912,4.0434807925641166e-10,2.165807611248292e-10,7.04066227369584e-10,4.8219237540829705e-11,1.7544149571320775e-10,5.6728627715328685e-11,3.731624606257578e-12,1.3082681807439694e-11,-1.2953287218223587e-11,4.096226595164916e-11,1.2076116957180789e-12,3.222172434389944e-12,4.463036658470257e-12,-1.0150902411000739e-11,2.967467693508513e-12,-1.2939773119969724e-11,-4.642166386792266e-11,-3.649542554970812e-12,-2.4274502989215745e-11,5.497916454508396e-12,1.7183311682076038e-11,-3.7668526272711124e-08,-9.937178403910753e-08,-3.3443474567260206e-09,-8.416491658572282e-09,-5.688320062597334e-09,4.643095538572343e-09,0.0004590725445324,-0.0024273048472232,-0.0079857435454124,-0.0027243554404221,-3.087796483713382e-05,2.8898612886690773e-05,0.0005895619803644,-2.232138831979948,19307171.5226343,-0.0010603814759966,-0.0034953088067113,-0.0013358479447072,0.0005424766506555,-0.0001857101802715,-5.364390815672266e-05,23.964798077487306,44409.36926375028,1099500586610.8647,0.0013364824743238,0.0043969899258166,0.0015000484181111,1.700301775692069e-05,-1.5912457354143255e-05,-0.0003246175904773,1.2291736839365357,-10630691.44650502,-2887252.314116124,5853348.355021996,-0.0016157938710381,-0.0053225905503778,-0.0019592286396424,0.000535415066869,-0.000179098972825,8.125575625322273e-05,23.45405429854777,4462151.119639672,1099501786852.6472,-2456924.990515504,1099502808265.5184,-9.394388067636753e-08,-8.353256204797356e-08,2.38855786138512e-07,-5.654441645877363e-07,1.82199222365524e-07,3.0470202785856045e-07,-0.0008046940150891,1.265665183700741,-13.25931317313936,-0.6968851844837648,-12.969773308154164,0.0143354536041371,0.0021004103049111,0.0069103513268375,0.0023577813726195,2.628602003334304e-05,-2.487363929434087e-05,-0.0005099609351623,1.9312221731357373,-16711525.641188096,-4538731.160900712,9201506.9359332,-8362554.059660186,-1.083565522242279,14464837.031078108,1.6348192700259765e-07,3.698469939456962e-07,1.4608217864674968e-08,3.594786089532007e-08,7.0943197146839744e-09,-4.1144904167854975e-08,-0.0001386958256799,7.537128821996436,6.433078532687369,-4.149992128987522,8.157673589046007,-0.000788353526571,-6.524771614582243,0.0030767233262205,4,5,27.411885654941063,0.336
835656.2594616486,46.61367722438254,0.8105208096111827,11.403243689283704,0.1790674308272251,0.7173521022336673,0.4159850019111742,2.9025976539373537,1.1549812552723502,0.2135710256767084,1.0285817087656963,4.821448457359542,0.8360740554479198,0.688470310934263,2.025440716860646e-09,1.2608781080407735e-10,7.348062851271104e-10,-2.212566789272215e-12,-3.982805069549813e-11,3.938253676011965e-12,-3.7601006802180394e-11,-5.824456912605962e-11,-7.50685628915546e-12,9.049407648430036e-11,2.3752413439620897e-11,4.327251224060492e-11,2.989180953312392e-12,-3.9161353740002325e-11,2.296202035608425e-11,4.259437475121394e-11,1.219394928092166e-10,2.066581472581621e-12,-8.541114461618274e-11,3.6302494847902364e-11,8.857830447947006e-11,2.7757780598812684e-08,1.6930161225816345e-08,7.576130207436585e-09,-1.175473380335328e-07,3.688592856525209e-08,1.1161074742687665e-07,0.000541457620304,-0.006891590542297,0.0074485312613928,-0.0010870566798893,0.0037733971247037,-0.0057757036499325,-0.001795801109013,9.51224483631658,40023000.1226474,0.0025964599652982,0.0367146062506927,-0.0022437172147925,0.0012956177354874,-0.0036195469799813,0.0026127323577491,-54.44045456331305,38711483.992431015,-2199017249418.604,-0.0068366178828248,0.0073889655314575,-0.0010783708911699,0.0037432711343679,-0.005729617101726,-0.0017814710706455,9.436271085144623,39703700.73489613,5352116.259910829,39386948.68669498,-0.0014093567275838,0.04104418377093,-0.0028755853967067,0.0034889534764113,-0.0069767457248028,0.0015689016084585,-48.91134841935717,61975342.98452501,-2199014113288.3708,61480909.78527488,-2198978089232.7983,4.736036646142597e-07,5.477096824733447e-07,8.077801608489336e-08,-6.846465773347198e-07,5.16342559916152e-07,5.745101644585955e-07,0.0002507690693489,-215.660475704783,20.73029345451481,-213.93939665884932,-104.64615841953842,0.0276033787008482,0.0040994311828105,-0.0044291937095001,0.0006465959608971,-0.0022449613563445,0.003435730759504,0.0010686849000209,-5.657370088023292,-23804723.19783601,-3208979.637729389,-23614811.558365226,-17045766.613713466,128.30379168211104,14158480.084414365,-2.2362437672826962e-07,-2.305074807374817e-07,-4.386748746139485e-08,5.760431510639175e-07,-2.0921427889338385e-07,-5.599502512935972e-07,-0.0007558165322439,-161.75980897961122,50.22060420512783,-160.46944295140298,-43.80422626721032,-0.0039797472616512,96.20617422215533,0.0110421967738521,4,5,29.120474085452447,0.179
1871633.97067234,36.93214059291858,0.1279032084908816,10.516818796661218,0.3707045294923939,0.8929615184482143,0.2137568104670405,1.696965062070264,5.79277783647156,1.5257101534922108,5.351344714268981,3.726009188165597,5.758999625542402,4.312238464127946,9.31241618066807e-09,-1.3659776599114102e-09,1.4645897958769256e-09,7.252373617155348e-12,-1.2977884890787247e-11,1.5828948135323873e-12,5.549125016183165e-12,-5.855449592765081e-13,-1.4670920335716618e-12,2.6680938225486333e-12,-1.2125163445834689e-11,1.6142759180980434e-11,1.8243991704996154e-13,-4.52970242321573e-13,9.66652367762289e-13,-3.2565408183673034e-10,2.807485792979445e-10,1.1403002110010138e-12,-7.69912431195236e-12,5.0467098471691966e-14,1.4332179950696024e-10,-1.6364510968920304e-08,4.4471296223447335e-08,-1.0136481179599441e-09,-2.2094358410199115e-08,1.401381732675419e-09,4.7625895082458434e-08,0.0009475420247525,0.0001438642658026,-7.716596588217815e-05,-3.88245695027156e-06,6.145921610034319e-06,-1.4440320439308242e-05,-1.9582696462421053e-05,0.0564362649279881,790759.2721679925,0.0003195981200237,0.0012481901840368,-8.112979412330237e-05,0.0001179426477063,-9.714516021778434e-06,-0.0001362103982495,-1.3883222638314254,91429.6351345076,29350897475.418407,0.0001300220388099,-6.979868564929577e-05,-3.512356659103472e-06,5.559364055162514e-06,-1.30572498141787e-05,-1.768857051078094e-05,0.0516515075490677,714957.3014324298,82650.76602608751,646421.8094577133,0.0003223107573381,0.0012467731279925,-8.121149870002384e-05,0.0001180696543477,-9.993469002969564e-06,-0.0001366074165406,-1.385322839393056,106671.92856253668,29350899235.39984,96427.80186274785,29350901289.13881,-1.4169685041676825e-06,1.6691652197849577e-06,1.2216873603264724e-08,-2.867339600768821e-08,8.159043413230836e-08,4.462487570943123e-07,-0.000291974272181,-1.68000995753715,42.62462840703784,-1.761754339772365,42.6899736037032,0.6338155550377595,-6.302887641779167e-05,3.438342110025569e-05,1.672292110381929e-06,-2.6553157135362866e-06,6.254861814144553e-06,8.798372909821953e-06,-0.0246739337824516,-338183.7600285792,-39098.361274210445,-305765.5855429451,-45617.01713409839,0.789027677702698,144630.95971044933,3.563698198842647e-07,1.0932307430155484e-07,4.328004892735824e-11,-7.336784984435376e-10,5.1269148168501245e-08,-4.709785804353829e-07,0.0001023014244282,-0.8590230730616215,0.7661708394821166,-0.7767895124182134,0.7496460573498994,0.0004681465690443,0.3677730174798985,0.0076658324860147,4,5,12.211260648484313,0.15
1653265.6115994798,86.94473680387212,0.8034247228136935,12.274596256266062,0.17695051429561817,0.7569743601807191,0.7041229778731569,1.332502628109888,0.734633850032297,2.4777129735808634,3.894411210506432,6.259453601712642,2.5742858803350352,5.9909794321229795,5.061251276487682e-10,-8.285369724887405e-10,1.9526208322584454e-09,3.506230315822281e-11,-8.694005980652693e-11,9.613502238963498e-12,3.141890861074779e-11,-8.437416384480145e-11,-5.805473466448563e-12,3.4906491462265396e-11,-6.212229470191835e-11,1.4141149252180188e-10,5.764168764653723e-12,-2.5492404902761384e-11,3.8823152810041836e-11,-7.716506367494233e-11,2.0064904017062998e-10,-7.945799595904866e-12,-2.8246895829915728e-11,1.5016782812122016e-11,4.202597780168756e-11,1.896028520866883e-07,-2.3379040806458894e-07,-3.042600529088995e-08,-9.865761811034444e-08,-1.062784409638192e-07,1.616980277316676e-07,0.0047921124395035085,-0.0003328542976015297,0.0006929344939761639,-5.517411662211059e-05,5.9339925884324073e-05,-1.738099519732323e-05,1.0570336933496081e-05,0.04292167700180799,5947300.901747482,-0.003954729317569797,0.00674695351380319,-0.0010400562633699026,0.0017223794553022156,-0.0012626441999946268,-0.00028456743965364807,-14.117767155049421,198027.5721016156,81445752292.76869,0.00033312887744398913,-0.0006936494113095377,5.525152346451869e-05,-5.9379929686169495e-05,1.742450752491593e-05,-1.0643496158328244e-05,-0.04356898761740412,-5946318.081641967,-149722.60257122462,5945335.427017942,-0.00394700172743214,0.006730882460034097,-0.0010387811467292658,0.0017210092056013505,-0.0012622494805838362,-0.0002848113028688656,-14.118401970337908,59796.07438703504,81445748866.00446,-59803.63825436644,81445747529.555,-1.9450690932584003e-06,4.260661815462891e-06,3.6476295285480803e-07,-8.973292456393371e-07,1.6990367599970291e-06,2.4625929885536524e-07,-0.00820131003162475,-2.0567524575473177,-49.92767724049216,2.0598127299597593,-49.885311077562186,0.08900596659568709,7.375165750948931e-06,-1.4933354766013447e-05,1.8908923021689303e-06,-2.632776646183184e-06,2.2222558333856423e-06,6.033986835981632e-08,-0.00896196705517377,-175508.29556494582,-4392.878211179784,175479.2933751736,-313.5829938457409,0.1385597975432217,5179.4355006022215,-1.7082594558714663e-06,3.3839949181884556e-06,9.613845027175693e-08,3.709792155403522e-08,9.170156695596529e-07,-3.409525649451249e-07,-0.007955703171626456,-0.3462284194660449,110.37813028742718,0.3469225587466278,110.3860579585504,0.04658598909166525,0.05750223187598475,0.06941635781944183,4,5,33.735516028651155,0.24
