M,mu,a,p0,e0,x0,dist,qS,phiS,qK,phiK,Phi_phi0,Phi_theta0,Phi_r0,T,SNR,generation_time,dt
1139719.8149069175,10.0,0.98,13.566756678598724,0.0839190463843184,0.9313320879539666,0.1386682174249797,2.244435322353794,4.009069530266293,2.1158704488361817,5.277751708734324,0.9381287140626092,5.820374943547307,1.860345134691286,5,13.0071565477524,0.483,10.0
1120357.2491187167,10.0,0.98,14.931054882026164,0.1766317741783843,0.58655029347113,0.1062576659997014,1.2658807512215855,4.983503292273289,2.547429980798513,0.8558425042023436,0.7659601272674706,6.145842981882309,2.925535265012672,5,13.589628142110886,0.375,10.0
2094497.483267688,10.0,0.98,10.87706154006958,0.1929311195676081,0.2357350202289616,0.1127697604381754,1.9422168361916103,2.336506015514661,2.627625141518994,0.4261552658715545,1.923845804926429,3.021208755963943,3.392470876288414,5,14.800049484711248,0.23,10.0
1842893.1730580693,10.0,0.98,11.027887477428942,0.1205044593561147,-0.2867462463333989,0.1367442591205905,2.4137521899159484,6.0679857623066376,0.8780846261652716,1.9542086701773111,4.7973618391308,1.3583533330378288,0.9632061212122524,5,12.5560767797268,0.41,10.0
1286388.3263135608,10.0,0.98,14.12494700876322,0.1534563835694877,0.1396373360219254,0.1048268476288691,1.1862721156685767,3.179104624462212,2.0708856493375114,1.6801846978891528,0.6920336438697665,2.228570023598047,4.921280934029399,5,14.791847029820282,0.491,10.0
1285822.995346836,10.0,0.98,11.933548440917912,0.1223861197833108,0.240295814526694,0.1829563605509483,1.4692768286167337,5.770108874522208,1.6907861555272343,0.4999079771980804,1.811737817027531,2.111768199658934,2.127546490703559,5,18.28814465821728,0.355,10.0
863781.8701694116,10.0,0.98,14.96197324656187,0.1088129783594346,-0.5709662759769718,0.250664704058939,1.552096007554205,1.6407144828674722,0.9298676741759416,5.13007556002258,2.656638642045158,2.5466417397364625,5.015106571482115,5,13.713657970121917,0.523,10.0
1571634.565954761,10.0,0.98,13.040281289612809,0.0682378200523377,-0.6150052407278073,0.1041547795861499,1.7464568249317576,4.491708071194642,2.3044447290991616,5.420662236483835,4.496204972083937,5.186194437509445,6.021375767525713,5,13.673428241171054,0.51,10.0
1192908.6937280777,10.0,0.98,11.409366135325804,0.1373980095205368,0.91143273598134,0.285870349808912,1.89269939935094,5.276396661523227,1.244406338471251,3.031591738501852,4.082436727039093,3.3718529614797754,5.989156364174825,5,17.449168119747974,0.454,10.0
1099174.6971566058,10.0,0.98,14.323949154972048,0.0526698885813214,0.6275878953655536,0.1188856506345437,1.0559990828476502,5.341146792518502,1.0789127282370117,4.414617540012773,4.381473117626685,0.3145189145615431,5.117543634272118,5,14.228808988609076,0.719,10.0
1122096.4914606034,10.0,0.98,13.18373409490299,0.0729194598498459,0.2925711813181542,0.127035096976101,2.468880436694057,4.680616498013472,0.9501984631170044,1.6166336631368967,4.994606878189201,3.0389401112962657,1.5686192665118854,5,14.80769355752824,0.561,10.0
1670453.160540176,10.0,0.98,11.788772090754977,0.156201213366559,-0.4446000407456274,0.1503146467181736,1.296306011796899,5.609396280659568,2.059389032717181,1.6712588639243693,0.9467781846590468,0.150645838020766,2.185410736649251,5,12.246109706468031,0.323,10.0
910094.8309933528,10.0,0.98,14.436521691852889,0.1461281104725478,-0.4575883974604475,0.2036781695514628,0.6692740055629415,5.224562190229749,1.770460463678596,1.887731539447796,5.22422974283763,2.296724934322359,6.026792227871847,5,14.385275626152092,0.447,10.0
2192232.188038224,10.0,0.98,10.619850866504198,0.0502831523773626,0.5189932613613872,0.1096113496613816,1.7271126294650645,0.7241745087487295,1.893310082031147,5.450734179973998,3.458746118144535,0.5082802800501492,3.956797697265277,5,12.033617967373536,0.453,10.0
1565862.925998788,10.0,0.98,11.300155875287077,0.1696570882678352,-0.3146088159972413,0.1683707194140014,0.8924045974531846,4.457156244996698,1.9535812265152508,3.6997275034400894,1.5652293546380291,2.172820066826788,1.0021970564495788,5,17.303586636343702,0.357,10.0
638827.775799025,10.0,0.98,15.121356742263012,0.1666529662274621,0.0157798533689472,0.402569340865036,0.4070359758728739,1.4208313784007849,0.8778802385230429,3.41462022757086,0.9908744234509675,3.506453115740152,2.692985102610331,5,19.725827194628224,24.471,10.0
1608841.6698246438,10.0,0.98,12.80713428621509,0.1349008574415744,0.3241601169334278,0.116483512431648,2.43938308985463,0.2835406171374388,1.1254386779135916,0.2382815245986118,5.426681195789621,6.061960718123208,5.386202775989368,5,10.64703322239991,0.287,10.0
1579505.3352117764,10.0,0.98,11.025877724496366,0.1012721543957483,0.3288492248274812,0.1539156074225087,0.4812511273142899,0.2555765594085467,2.649676383206607,0.3535299815295217,4.984693005205347,0.7244852112484541,3.015740724943057,5,16.283808875079774,0.387,10.0
1510689.867707681,10.0,0.98,10.733552696466637,0.1595985071235796,0.3710629254133475,0.232177763026473,0.9962415767245744,2.593665980797401,1.6089652091675803,0.1978993569052681,4.923599565447289,5.356197029024857,4.253044389941464,5,15.525191228343555,0.319,10.0
1330706.0152380737,10.0,0.98,11.94771046159392,0.1390544749857783,-0.4246101741067356,0.1907566673306448,1.9748094513147256,1.023918667427245,2.3257678881790445,0.6629671409627194,2.563788767777151,4.885949184101105,0.0382139938101923,5,18.03877958661174,0.456,10.0
1514503.6813828512,10.0,0.98,11.8920866944899,0.1490551748397918,-0.7461948512732774,0.1604170682137229,2.649465318889748,2.324358640472994,1.747070470816089,1.8579634865422188,3.2821974997176286,2.899906429578703,5.385326378383327,5,19.185942972648387,0.416,10.0
1666756.2379710695,10.0,0.98,11.802630420420977,0.1714386223132658,0.7816533687712317,0.1248913655293757,0.3891075242663591,1.000304180393771,1.2385899666104336,2.415176445378791,3.248214626488415,5.708758589687906,6.162308061210367,5,10.522773951291658,0.293,10.0
909917.7896275764,10.0,0.98,12.578662473348937,0.1720190519968011,0.2692003869216544,0.4397150591356569,1.0501661821658947,4.458846207210616,1.110888722057379,0.7035891906211796,0.0624014875427723,5.822440910457052,6.021209814761297,5,18.198274759049685,0.461,10.0
591208.7534036741,10.0,0.98,15.34336543248055,0.1096897028497754,0.9806031548791329,0.2264348878770151,1.7607074844430517,2.008169584007674,1.6775513627786678,3.3772999838582085,5.687348814842159,4.380121513999644,2.5418249469051046,5,18.53809497911072,0.522,10.0
1853713.221837469,10.0,0.98,10.897093698259685,0.0547878624690677,0.3292595966637446,0.1474476230956415,1.077534342186966,4.558983472460353,0.9825337071261476,1.2616057090675137,5.8987327244095855,2.6355109669218635,6.131309506762946,5,12.6537706350191,0.485,10.0
1021514.3287820442,10.0,0.98,15.19301253608615,0.0737393218511676,0.1705947851785392,0.1352324548363892,1.655604729858231,0.22367766127567,2.5895317997324945,2.959759960410884,3.6723952374931375,5.91690853378511,2.356517378642278,5,12.686027135651878,0.61,10.0
1166136.500545739,10.0,0.98,11.917854628062258,0.149804588506778,0.1277011181065812,0.2512525308752446,3.003731068163641,2.797491635391289,2.2114732642130903,3.4768992797253224,5.384133809755632,5.5688147003271,0.3072883616564287,5,15.602010389962503,0.738,10.0
1070650.0620423867,10.0,0.98,15.177903964944068,0.1653219332922485,0.2844167427483646,0.1262116619654913,2.0313209515745587,0.293361365298031,0.8401507001801379,5.832615199337812,2.787593879672026,3.9190710966607294,3.3447926488465614,5,12.919397595682533,0.334,10.0
1189820.0663763625,10.0,0.98,14.066435203861891,0.154183445010902,0.7625168968293878,0.1478428216747005,1.643430308439524,3.4812018093988697,1.7347369594523805,5.920969995835976,3.926828907978206,3.2466938990570013,5.387682569374084,5,11.737197491052887,0.331,10.0
1745221.8241138856,10.0,0.98,10.022834314404186,0.1055435919036464,0.4178169872827995,0.1869861264270068,2.078373913601509,3.818670727892882,1.9608718920288368,5.036165963180401,3.5545011868355942,3.410331690952023,5.494279470379691,5,19.160434311816942,0.393,10.0
708598.3530472333,10.0,0.98,15.87371182442118,0.1517764853474517,0.6967851793379642,0.2096319640363662,2.6343115964650976,2.1421883727762583,1.3181050595970918,6.237417402251918,2.4949934676618875,2.1030054482454585,5.240045560894328,5,13.50522624045924,0.537,10.0
814575.2019588128,10.0,0.98,15.340680343274306,0.1816434681053618,0.2886211187409462,0.2171902439328987,1.630255739281289,3.212064100011472,1.5706865929417275,0.7069206370180993,2.341063621981813,3.244505996490312,3.807509696999862,5,11.505457971705756,0.394,10.0
1399805.770816361,10.0,0.98,13.320250899235567,0.1435790410576529,0.3483062958723202,0.1107496973083151,1.3898268211498803,5.7673348814093295,1.018332513587187,5.425969321411356,2.372865294099445,4.640971103438941,2.640884169533099,5,11.051055644201996,0.291,10.0
1309941.6486930966,10.0,0.98,12.527516038322204,0.0708365114754114,0.8933043432673287,0.1402497163928568,1.5675063496492092,2.054032451570653,2.573188297986434,1.5019237760482125,1.7947522602571373,1.514644212460763,2.111389192884556,5,13.235108670852773,0.571,10.0
1885635.8694906167,10.0,0.98,10.553652867734478,0.1708518539463249,0.4323321269820894,0.1375642377309258,2.516340510769492,2.36353177775526,1.6332922460503656,0.5416143136484084,1.676953138165023,3.946474703082054,5.355718670180873,5,15.261450428886825,0.243,10.0
1078446.8197290965,10.0,0.98,14.038337420293884,0.0549956981081535,-0.1657663205314627,0.130388826869541,0.7991431499535468,4.438867536309482,0.5747138681678419,5.629688040949504,2.8034592467922272,4.940264737675331,3.368725053752574,5,13.758837079030856,0.996,10.0
880642.8885406181,10.0,0.98,12.98012866495915,0.1683801311944691,0.2822084572900478,0.355456460362146,1.6000715771784473,4.045559440162423,1.017141979286693,0.152872446623426,6.128129737443561,3.10913610631105,1.1674339070090824,5,18.43713490105319,0.459,10.0
840275.1161343246,10.0,0.98,14.730692728426291,0.1850633541352558,0.0755745503179738,0.1179095482316028,1.923644146546077,0.0982215414255037,1.963152296407082,0.3551622389553381,0.7075108575986369,0.4524339866441373,2.1104608970370915,5,17.755381030368497,0.898,10.0
1298834.1520195594,10.0,0.98,13.464495678653089,0.1778919949643702,0.1378035128448176,0.1179557930951148,1.6544837220792743,4.0586458835308905,0.8287547176680335,4.93866345732773,2.44430374957916,3.437955018233005,6.15435069136832,5,15.90202707787705,0.45,10.0
1953560.211268979,10.0,0.98,11.499491965140647,0.1343447797351258,-0.8694447465911983,0.1059903793816678,2.718524783725395,0.2392298792593685,0.6662452678444705,0.4114551576302854,3.473368244526601,5.880865363114485,3.448684247294009,5,15.134777898218092,0.328,10.0
1739930.6403935242,10.0,0.98,10.331090800214888,0.1883845661360051,0.5729099211881747,0.2236172035377828,2.577442528350867,4.656960879089889,1.1081140719473197,5.256852957224598,5.680697950980458,6.153481084689053,4.411231796630823,5,12.082584936851028,0.253,10.0
940049.2884708004,10.0,0.98,12.730404848708208,0.1716407280578691,0.2797211259808214,0.4093291674551784,1.239632521994792,1.1265261396907398,0.5869454647453046,0.0440717375284543,3.9176273101312353,0.0827772091156556,4.513922474724999,5,15.577891237247202,0.407,10.0
954702.1160375308,10.0,0.98,13.532792802085844,0.0544694201018087,-0.0283249985235223,0.2802639176396295,2.5460576383196813,4.164254359720915,1.1323688070651814,5.22692365392733,0.2499522558475387,1.1025043758313255,2.6158482291918688,5,14.583439209055582,5.768,10.0
1285089.7347559012,10.0,0.98,10.888777148603063,0.0652913037099458,0.413644516777494,0.2838607044751141,0.6260225104446346,4.071049154892154,1.361327318407758,0.6364866898454025,2.723847729355836,1.0485599770042098,0.2531323547270355,5,18.735548911508435,0.71,10.0
828246.3716275927,10.0,0.98,14.15734773565666,0.0811827055185257,0.4923130436399894,0.2185765207914764,1.317901540118756,1.9905234970884107,1.013867414885751,5.004505424067099,1.249948697678861,4.8463117591515,1.7854134759377536,5,18.566495104861097,0.645,10.0
1402113.5108829702,10.0,0.98,13.102029041890445,0.0788341750038848,-0.5157982355197794,0.1137857999171126,2.066515317529777,3.2853309572023206,0.500348692800177,1.521198035557234,3.720756379745552,0.4530739509116671,6.16767580596186,5,15.430896098020844,0.508,10.0
1063897.902848208,10.0,0.98,13.41076370922816,0.1759377083184207,0.7932171689273961,0.2524979993549785,0.7525434400600696,3.65841705908392,2.819639070372056,0.6095968085115873,6.17332472825625,0.666521384258809,1.197138083679716,5,12.072252260164046,0.332,10.0
593514.7742011145,10.0,0.98,15.236233054661508,0.0752205251417018,0.4115194570996641,0.4836983982525142,1.5031256880346324,1.0506371661931118,1.8061320741327216,5.308322098483222,5.698464116242394,1.1860170792461524,4.599939391001636,5,17.629346062799172,1.204,10.0
919076.0272407266,10.0,0.98,15.356194392103236,0.1845298278704081,-0.9871089435475382,0.1689075240490853,0.6586345024758596,4.505739631083663,2.976690036971585,5.767221694856505,4.959574411496858,3.379023511784259,1.6570027341576468,5,16.914989746243965,0.396,10.0
1520103.1524057752,10.0,0.98,11.63261776312739,0.1703597591637481,-0.4724740976925745,0.1712348214560599,2.208215672022072,0.4961916944523868,0.4606727372817795,0.1887049003480136,0.5345039192691805,4.589829743220014,4.950232581130901,5,16.611760704847846,0.369,10.0
1547941.454552427,10.0,0.98,12.746986989369235,0.1950187890518048,-0.7683116989576582,0.1003748484465202,0.8081710334505854,1.3255945160967717,1.3556452514940027,2.3683675521297767,0.0253280468834171,3.204710993541028,4.172710857769167,5,15.681443816165531,0.292,10.0
799864.3214651443,10.0,0.98,13.500780506983016,0.1336412180397162,0.3567017587261256,0.4125146550368809,0.6908817328730814,0.8289771366762668,1.310425908695089,2.606050905727323,3.860520752586156,3.682763062852296,5.758531156163237,5,17.616497038075384,0.561,10.0
791299.69411537,10.0,0.98,14.625042222319324,0.1431858195794136,-0.1403402929936463,0.3086902408344121,1.2120625533270837,3.3978074303288053,1.7301058124812116,4.774444002363468,2.4626410578572044,1.4971774408270797,1.8698968117112649,5,14.732173483041024,1.008,10.0
1913062.276088723,10.0,0.98,11.193230747941866,0.1290814354230854,0.9297338621148844,0.1613593864909381,0.90320984973505,5.196695224711979,2.358294770136672,2.775842107293116,3.7079313581046383,2.6526880463054776,2.861734867676583,5,10.971668651363778,0.314,10.0
1047861.142956673,10.0,0.98,14.092233702006007,0.0920492671611199,-0.2362782502151958,0.1237723729856979,1.541230141796537,5.42262358768272,1.4773137295682657,4.708524232483602,2.995065797061373,3.526510533625981,0.2175155039255704,5,16.76954564667115,0.635,10.0
1204273.5696802945,10.0,0.98,14.5933529116063,0.1682709969537894,0.3798558520641455,0.1098738126663311,1.0778961738303572,2.200708024844784,2.252507226565074,2.454033605974687,6.017944605186125,3.184869594213557,6.01275648108373,5,12.988475132121517,0.32,10.0
996256.6363968588,10.0,0.98,14.327064642583558,0.0660999966988288,0.6109749902562147,0.1510184835248909,2.0627511154323086,5.984535436617032,1.846044225851431,3.7078764638339,4.469193712334545,3.41065859375003,1.9704466051286784,5,13.8635103895301,0.626,10.0
1134572.8291230889,10.0,0.98,12.166141786797258,0.1164566830794038,-0.01587888952481,0.2651701828748114,1.740303136140234,1.0576129551144713,0.5654367253731771,3.0915915974100394,5.671809784544445,1.6130754296900212,3.8906934730144247,5,17.84823152692615,11.445,10.0
1341298.29995058,10.0,0.98,13.783240511557466,0.0978249253160044,-0.8692217145288215,0.133352343967319,0.826532063764633,6.005188099873613,2.42852164957712,3.631365316632352,0.5135993523527395,1.8048470140527355,2.387642730774828,5,15.621290874456898,0.373,10.0
1533993.603627264,10.0,0.98,12.00595636676032,0.1094267913000949,-0.81403789158048,0.1728938798762491,2.712261828852615,0.2676037587855613,2.310282863716705,2.117148461268964,5.54950929086691,2.816504617860629,2.1884908324356904,5,15.995824496812103,0.516,10.0
856855.2504809644,10.0,0.98,13.590318698126058,0.1376249747783132,0.7729809834923178,0.2969128947669469,1.4157805134098989,3.8401966877332985,1.596128387110082,0.8976676848288798,2.2344944108199947,1.4246432689834785,1.7376723884839935,5,18.400508654217568,0.5,10.0
1490300.01656414,10.0,0.98,11.431807907867402,0.1195197628441604,-0.2040564335160302,0.1844925158941165,1.888441401126846,5.211275838470422,2.2238466383696567,5.924613124516063,2.2897274602536632,2.3977969546972115,1.6256475024396198,5,14.696119263848573,0.518,10.0
1688228.0685611342,10.0,0.98,10.487417023325303,0.1460967664889226,-0.0036432041499256,0.17133762076822,0.9533278944472348,2.0912804972141537,2.8226903542305823,2.271495587067004,2.694250395671604,1.6060517177163274,3.268159227282491,5,19.997805371792168,73.062,10.0
1157797.411218104,10.0,0.98,13.006741435379016,0.1185441289869523,0.5770264781216954,0.1725746781714499,0.5922877217660536,4.487787118563485,2.437063610165956,4.98605045201558,5.222716351985888,3.9619266653649374,3.43683880230711,5,12.953120409301192,0.401,10.0
2199922.482732631,10.0,0.98,10.818124656254309,0.1669366394321597,-0.4787120331556933,0.1025537472034869,0.310502990370036,1.8800815695105464,0.793913817727123,0.2684986882385595,4.331825602435922,3.887176875434216,0.8285991605522045,5,12.906893622713916,0.28,10.0
1234583.6789483542,10.0,0.98,11.950329423061824,0.1405889523937734,0.8424698045432544,0.1529061978432022,0.969806532158522,2.5877526165956874,1.1664264194870844,1.4167110286820943,1.9230507366615568,2.9681771970174293,1.0051499157453967,5,19.537292123766147,0.475,10.0
1213605.2549202335,10.0,0.98,15.065525589877264,0.0561651294482035,-0.5859671361720746,0.1031386306465838,1.0518922080514062,5.498518441245577,1.80599017111115,3.731910261624895,4.87005192747128,5.680753903471056,1.2418960734732294,5,11.47514883717194,0.537,10.0
636441.8454340063,10.0,0.98,15.75325085173853,0.0892830259768505,0.1867785337466114,0.384605551383435,1.3102824565820168,1.6063853459062385,0.7895114594719477,4.210995947700125,3.978604168733752,0.6369928676319119,0.8617689632270056,5,14.551328553876251,0.954,10.0
692296.2296321758,10.0,0.98,15.064590219731478,0.1335345549431242,0.7350667857314057,0.2708607670678377,2.280880795893219,3.9292465174509177,2.074462625215264,2.813686488028116,1.460925025249152,2.979563356532852,4.59178716379748,5,16.816748592676802,0.59,10.0
981275.8345551328,10.0,0.98,15.124753583869245,0.1320887914552084,0.0680800674412416,0.15866531225177,1.7928790500670584,1.3561374592342617,2.465341283739326,4.604945682812636,0.0003758950852274,6.009529626593385,5.681043276883297,5,12.793414491983633,1.18,10.0
910317.2218393337,10.0,0.98,13.253209798484738,0.1359337336954135,0.4615616288674298,0.2596924527466737,1.656286752939906,5.208383831389944,1.4547732353138525,3.855849847598748,2.924872247830299,5.300347887197703,0.3563417482065562,5,19.061326459262173,0.395,10.0
870695.1665841114,10.0,0.98,14.535102184357644,0.0579002514796265,-0.5058111293036622,0.2182759628151314,1.300143774683709,3.271634349513336,2.776943722008616,1.913742932848017,1.0414527599651886,6.145556316126254,5.593129438960263,5,18.25787628787728,0.953,10.0
933289.6830450152,10.0,0.98,15.054606183147833,0.1542166684184822,-0.1505522029830892,0.1339615324155427,1.6345961745160875,5.940020268275605,2.9848575101439443,3.2266677469989347,0.9421824551162566,5.63380408332294,3.949109370585956,5,16.89964408821786,0.679,10.0
698643.944257851,10.0,0.98,14.658253165627936,0.0790910153966912,0.1296018184679006,0.3676294289926466,1.825011088503274,3.4343713309035486,1.0262897087448797,3.881555971773352,5.732443083101124,3.06619301729942,5.623191248149771,5,17.14589976134647,1.423,10.0
849561.0673518429,10.0,0.98,15.751305016221057,0.1144212804674145,-0.3436673478685081,0.1334463772155327,1.295160533945635,2.2229175873780087,0.9984187792181564,0.1659397764625017,5.669838252205976,1.643400019611079,3.318258573648172,5,18.10255454160451,0.564,10.0
833138.8972502148,10.0,0.98,13.155667510572208,0.1787322586169729,0.4462580150219655,0.3374484993785515,2.301201182112956,2.001255818311045,1.5199809417752117,5.5869792668649,3.941847698402826,3.8580716906194543,5.048376512081512,5,18.55803845684252,0.421,10.0
933647.4155169812,10.0,0.98,15.23033463163672,0.1991220931941758,-0.8127865168534356,0.1452272776329329,2.717522725752735,1.409839664114488,2.443208482091657,1.4990776696563903,5.320574997136467,2.9911652871778123,3.54676113328915,5,18.22241959248288,0.361,10.0
707223.5233839696,10.0,0.98,14.7183172838209,0.0769288061584228,0.0683821102369917,0.8319775012957549,0.1317040933619097,3.1071007166579285,0.6116165047512929,2.039824108131028,3.363585344604235,1.1490675307195315,2.593305735780448,5,9.909797974356252,0.609,10.0
693667.7509980389,10.0,0.98,12.834862401250817,0.1811477488150486,0.8850626944225124,0.7481342095550003,1.9616688371084043,1.0526039799227025,2.489226922361432,4.51406393567186,0.1748630229691069,2.0246064828848205,1.38797179029396,5,21.46833200433898,0.127,10.0
632144.6257453946,10.0,0.98,13.36762762091426,0.0787775684606294,0.3096107995693002,1.109969275622215,1.066562002086233,0.957009861195706,2.7600180631340057,2.2596348923119,0.2587167542527923,3.097398438459699,5.478699914140125,5,22.04549104892788,0.188,10.0
969304.8336495952,10.0,0.98,12.915269659486754,0.0837559467029039,0.6147433028412663,1.0778560174392589,1.6816856644264044,1.0628587333245951,2.659011371206116,0.3419666369255944,0.5391469067881739,0.6944971916183209,2.7614242185591213,5,9.666739570751314,0.14,10.0
934213.3546363148,10.0,0.98,13.601494342486935,0.0780468593545357,0.3077048128825592,0.4353082112364639,2.130815025682975,4.292638497548958,0.683932667591881,2.0438112136946383,0.8517634200378231,6.058574774815217,4.816197930360028,5,19.75338545655445,0.139,10.0
948040.1826305722,10.0,0.98,13.566173474205636,0.060470310685291,0.5408975205267239,0.9058221609825736,2.832304809605077,0.4076020448862812,2.4435161419628217,3.67308847317685,3.8000139830835695,1.9872425866678536,4.05415540569848,5,8.682126168818241,0.163,10.0
491613.0869721479,10.0,0.98,14.830348628019582,0.0872498993788024,-0.8687433486897356,1.316826627289871,1.09623412057154,0.7963221159488165,2.362575709326481,1.2967486063136475,1.3129301117455856,4.183477169540486,5.544948856231434,5,17.706466306079218,0.182,10.0
724444.7748112691,10.0,0.98,14.95602495336539,0.165305419357763,0.5969931188050448,0.5485028192614868,1.814216203563355,4.431340082504572,0.974514915741448,5.194599777341594,1.925188649375485,0.85363306710641,1.084864224523599,5,20.332163539182936,0.127,10.0
441406.1150276435,10.0,0.98,14.277011622275868,0.078631105878063,-0.8964881731261434,0.8588786134794351,2.383098357109432,0.283289728679191,1.320930745479564,5.3773881651088695,6.251756936140368,6.075197061558568,0.8750050920177973,5,31.07225383271266,0.255,10.0
724677.367020611,10.0,0.98,13.04574803947404,0.0860395357503692,0.3212119706658705,1.3105480546324098,1.479933655040727,1.025354873235869,0.8436621799493631,4.648523376612558,3.735114599757708,5.988117541243725,5.256884254735359,5,14.53116496457954,0.176,10.0
516813.99363003526,10.0,0.98,14.38334320523689,0.0986051972654954,-0.2999926658702951,1.3753114241699425,0.4671325059709142,5.428627593290841,1.0627041675559037,2.383191456497327,1.702989464924137,0.473065596713192,2.945135596402106,5,18.216461451805728,0.212,10.0
627116.6657060825,10.0,0.98,14.540171664997054,0.0669243288330077,0.1814791106416484,0.5337853958443686,2.8934964313366764,3.4768471662849274,0.9941992135319307,2.0890350125585044,1.2737588573569687,3.980062427216476,2.2722348319893286,5,28.38134902618184,0.226,10.0
822654.2581753506,10.0,0.98,14.688153114522835,0.1936785401344107,-0.3457889549483059,0.4745829643732873,1.147160776465739,3.524520111861228,2.667409968019081,0.5744209247505055,3.771779094945963,0.3481965888075876,2.1948823165295845,5,14.73024993599116,0.111,10.0
991939.9931868014,10.0,0.98,14.224091978942528,0.1298183004881296,-0.115713903965541,0.5331309102806676,0.1089322824692756,5.387441616557529,1.2469278186499038,4.932678095883769,2.6708830945916464,4.269759639016555,2.8024107726980008,5,11.004486409925466,0.231,10.0
888166.6527203544,10.0,0.98,14.048661011315456,0.172997142616836,-0.8384289789384727,0.7390191961495695,1.4248154240652635,4.6486418381166335,0.4991334033987152,2.24912262296485,3.09302462049733,4.610603362293603,3.7729193910340144,5,10.853779007258629,0.098,10.0
814710.875012794,10.0,0.98,13.434574032430833,0.0620142048729545,-0.8206421822423955,0.5430436787874715,1.5667852932437052,0.1449808264995273,2.6356757591102244,1.447383035595596,0.5965008244630609,3.908683939513448,4.8679815802193485,5,23.436089777346908,0.205,10.0
931032.5832080352,10.0,0.98,14.963919163809823,0.0704370527015179,-0.1968214884510104,0.2690155720465795,0.7822493546213598,0.1252756660573703,1.2798879335805646,0.9599975127271198,3.695903165420196,2.130952619752508,4.841095013694983,5,21.036884955474022,0.168,10.0
790987.8785016731,10.0,0.98,12.194926704211628,0.1858081504535528,0.6335551071789356,0.80527779939317,2.2904140694059767,5.33352157618371,0.9631011589806956,6.144420507384969,1.7719730928971926,4.069888555536189,5.133833597501372,5,24.20489029596561,0.13,10.0
941875.342347044,10.0,0.98,10.563187743368578,0.0982727800173089,0.8808512408105942,1.0576157355837543,1.0675993395497774,5.82369698414936,2.340597121414404,1.4806499994558036,2.843594974574416,3.320625931833342,0.9129584420526704,5,22.9967886904124,0.153,10.0
868495.8948096302,10.0,0.98,13.19955528325284,0.182582484510571,-0.9247776704465682,0.9731031453228788,2.530720324730824,5.692329799911138,1.143179344526944,3.1533829704328635,4.314763896516075,1.098064159372114,5.891356063478496,5,16.82518587539292,0.103,10.0
732844.6018506315,10.0,0.98,14.778639396971723,0.0964390813762513,0.4102855303493653,0.6064432399493188,0.603765506109613,5.113162753713656,1.1705464813595423,1.0598947564967864,4.783637563894601,4.4283708275056295,3.16612641119066,5,17.83791862454789,0.141,10.0
490600.8486575221,10.0,0.98,14.718106273650251,0.1163605308813076,-0.020431192079789,1.4163580683451713,2.061381964636162,5.093031535507859,0.4906956750541514,2.3009660257199016,3.9196186274173246,4.4627196227014565,4.964462733743226,5,13.816453249212936,2.701,10.0
915580.6182520954,10.0,0.98,10.293227618461712,0.1023541178833576,0.5985238171089184,0.9865923500963276,0.1170891206832566,0.3301338229913313,0.9629131870681286,5.9640498986612345,2.6191786476067653,2.5859860758189983,2.0990844090853167,5,27.67080981614501,0.163,10.0
814664.3453932613,10.0,0.98,14.051734426714454,0.1610616670617184,0.1091512269139334,0.8350941367008111,1.2207483391976242,0.7670977967725052,1.5710399377061586,5.450446822339112,4.381122440970002,0.0025465157468873,2.103179759079248,5,16.167212629522886,0.158,10.0
779390.8966939823,10.0,0.98,14.825947681576382,0.0554043302323812,-0.7994447496340187,0.4391004454045846,2.6036432963233325,3.360248445244125,2.2018145005814524,3.3126068062539336,2.584992596643309,4.840984197987105,0.9568797243503048,5,29.31746668653569,0.176,10.0
554299.0419953665,10.0,0.98,12.247712992064208,0.1764000486234513,0.5043959303033763,1.1787140248746983,0.3874463442952607,5.806457472792941,2.3128185442457747,2.691420550421181,4.114755024287646,3.0939384350984125,4.790477309136286,5,28.18752260721744,0.151,10.0
775474.3876062374,10.0,0.98,14.55370104050937,0.1889671756402033,0.8707761435117636,0.9383251659960614,1.554028033164092,5.9730591610411965,1.4077868401065037,3.194171817307,4.951330306840031,1.2063167260606709,3.976000422171485,5,15.240648749504947,0.111,10.0
721753.155493793,10.0,0.98,13.61232781369572,0.1268450925878824,0.3619356190255622,0.5393333219711033,1.234086168097387,3.557974618782893,1.1414472568763725,0.4421989767515734,5.562857322678648,1.2260675124483713,0.50231070619098,5,27.536733383304263,0.12,10.0
643925.8994899662,10.0,0.98,12.28972999562199,0.167308983233897,0.863975157704409,0.980316247370716,1.10261048331499,4.316426913545024,1.392236244029355,5.493911654315872,0.643581899948185,3.985784838671767,4.604385363605282,5,24.871948535943964,0.135,10.0
637454.733682632,10.0,0.98,14.151991154045122,0.1972802738183387,0.5269664940364482,1.342436043341802,2.78445092879009,2.399617407686525,1.724776669377992,0.5119065845580416,3.874664820425005,1.203229370820024,0.1580336113419962,5,12.066006300906787,0.134,10.0
690353.2464675203,10.0,0.98,14.877969381881154,0.1029853238019886,-0.9081315005663524,1.2645294144895611,1.0945748511557607,5.5751096924785735,2.5408619399908754,3.586130500754782,0.0421587339529694,0.3112696748416851,1.662604136986672,5,11.162525449898803,0.146,10.0
803306.9654929569,10.0,0.98,14.968159524265934,0.114422276059671,-0.5774399484978576,1.0504336550230473,0.4156692513380209,2.9630213105468144,2.1417642398620016,0.0232897031311345,4.534360865573387,0.5361385120608806,6.170727835075144,5,7.79580056932334,0.13,10.0
938366.9498977736,10.0,0.98,15.645172914629006,0.0808083991449572,-0.5024374510820924,0.6347802033439063,1.759156638354531,4.649301221940033,1.4005993361475255,4.665962557364529,4.206433354037826,2.7707878897815443,2.903684230871477,5,8.128134075229223,0.153,10.0
974833.77039939,10.0,0.98,10.049912435914608,0.0678171994894348,0.087199287293771,1.2821605098032742,0.3970531477983143,4.184663446916497,1.4938504048056576,5.562400687396636,4.7429954366857565,5.7360401194289015,4.929931448959117,5,25.19770406000321,0.581,10.0
838525.6229641852,10.0,0.98,15.80439520476063,0.1438234926598741,-0.0284479230094645,0.2007941652473971,0.3918357970083144,4.676814093268282,0.473027857084318,4.120197803766984,2.9128961808070324,4.194477959023852,0.3557593939755175,5,14.872885957103891,0.904,10.0
916946.4622744538,10.0,0.98,15.109707196809715,0.1027629426758521,-0.3074494229450009,1.1947486066306503,1.3889437500799626,0.1012249078552881,1.5631016343515558,2.9293106941592293,5.890145586406844,0.3534873809062764,3.719132772073576,5,4.069288109330165,0.141,10.0
435462.8423400923,10.0,0.98,14.791731073735528,0.1561088749945601,-0.5570349036388298,1.4912535421654274,1.4391163136217098,4.601742617643409,1.9024673266803085,5.765607778940684,5.197148375558244,3.550116670745592,0.0962303007847581,5,21.61177734607383,0.175,10.0
839061.334449016,10.0,0.98,12.972416847760838,0.0824009703168587,0.0338638767527033,1.1952831603091945,0.3076583878123975,0.0541983942822783,1.0468518663322606,5.715336955856884,4.275303546216717,3.376515106183253,0.3918221507339034,5,10.15207426846721,0.785,10.0
936514.0134355128,10.0,0.98,10.929553063099444,0.0956394098384437,0.4584833350378547,1.022235763646158,2.459988095844772,4.492681763381646,2.406103498565093,1.8046375619013009,1.99672983954016,4.3125845093994055,1.3647362716897091,5,23.212687405597944,0.12,10.0
874264.0246894737,10.0,0.98,15.659684895492116,0.0685395195718304,0.4193606296245842,0.1956775093242773,2.36540722075034,3.318928259870509,0.9414773349287862,1.0133245562556092,2.2537749995922765,1.1353076903346846,3.415112539346397,5,26.947053779825985,0.159,10.0
968608.1747014386,10.0,0.98,12.14511641707246,0.1230687524216458,0.2634148256481028,1.2869922960165154,1.972764035580198,1.8446763466440448,2.703256590490493,0.921463274519222,1.4412718733757015,0.5227948838136673,0.6178847374526736,5,10.967689079573136,0.112,10.0
750230.0525975407,10.0,0.98,15.143718353517908,0.0800850569229232,0.3436375727575431,1.0262221749467118,1.7603511240641958,3.412746854990461,2.0081309505583893,4.466532479060803,3.05205765235097,0.047616330124942,3.7874288062750807,5,9.412659014011457,0.16,10.0
968784.6769371493,10.0,0.98,12.823892858014917,0.0807922400394423,0.6047232105554103,1.1225452309994617,1.4524940960499804,2.542526174325721,1.052818569466472,2.9195617578532835,5.451847499642297,1.81669288999742,3.06510886723956,5,10.115863603278571,1.409,10.0
688170.8138708584,10.0,0.98,15.868846249040686,0.0710248658359216,0.5385079508123989,0.7910733697250141,2.506957047081145,3.4008368608873485,0.6077046484177286,3.791222197136615,1.3033429824499647,3.712667462239011,2.372949618423118,5,10.997631398548688,0.202,10.0
530748.594682262,10.0,0.98,14.734081731598302,0.185095868158031,-0.1938920022436423,1.1071413673582573,2.882113059206012,3.1528143127838337,0.3841629258434627,0.517110038097497,3.9746676807010073,4.756502094911254,4.832118247215681,5,10.267778712551538,0.165,10.0
975832.9475577016,10.0,0.98,14.88151091818625,0.0601574522293214,0.4059896836967547,1.2262628258255197,2.05938635415314,3.039226172243091,1.523219063933965,5.663969371257669,0.2014770844074271,0.9738688331511088,1.000111083980532,5,4.330325196490341,0.142,10.0
588195.9606571468,10.0,0.98,15.946318290517675,0.1399651870222498,-0.3059571728261341,1.1797113379899034,1.7561158368927998,2.4857154910389165,1.6828320956899687,1.5491246878967442,0.7172555690271739,6.010338619888515,0.0217331638238408,5,10.172931915905718,0.142,10.0
721635.3567784777,10.0,0.98,11.205236451212375,0.0853396708081045,-0.0230382022329662,1.340242184877531,1.4278900483716448,5.528766237910874,0.9748642638869284,5.204418366211714,2.444629391807105,1.508255940774217,0.6322209972767112,5,20.53908574574688,2.261,10.0
824005.0709508349,10.0,0.98,11.900302990151683,0.1613616174391482,0.5357083718944309,1.2609872328556448,1.73054728775226,4.374136900594004,2.207878053268673,2.253807592016857,1.6168442074613143,1.4252779269300742,3.625244622835752,5,17.376186570249192,0.114,10.0
818107.4997312744,10.0,0.98,13.971562448943022,0.1032203431190423,0.1709520990555422,0.9590724371854455,1.6957871916406857,1.055483278916174,0.9280767766617098,5.765272719956232,5.813631493254017,0.6825526922142938,3.79573921959074,5,13.576341690791606,0.189,10.0
804733.190034262,10.0,0.98,12.476578866721251,0.1651618135707537,-0.8686467841431091,0.9888008369971176,1.9396133872470889,1.8243253160506885,1.5237877235509232,4.090117547828902,5.445188989932064,5.453206252800598,3.216847980879936,5,23.81603736809747,0.11,10.0
561944.2248855622,10.0,0.98,15.890633075143572,0.1657632511351511,-0.6762352234968052,0.8501667406539591,2.831095053765273,5.548902457640393,0.4715299385062126,2.065354193758856,0.3077014152989124,2.374446060688056,0.6211176728401497,5,16.94090793581549,0.149,10.0
846182.3464078861,10.0,0.98,14.580331723536617,0.0905246097990458,0.1670802042843904,0.4939275822141628,2.080006925297077,1.3596510160248303,0.6525549790153765,5.781258363247467,0.495925514249546,0.0986233348987105,3.445934990706842,5,17.585591731450826,0.131,10.0
841129.3621043721,10.0,0.98,14.132394328897194,0.0718864546005059,0.4336427469994488,0.9706424476626644,2.4269982737166,5.065898164931001,1.0545764207863235,3.9806325343478286,5.171347407798146,0.0323919049362766,4.992354253226617,5,10.289988296083434,0.127,10.0
893450.9145816249,10.0,0.98,15.737344030953212,0.0819347654708481,-0.7839145865006407,0.9150419309549004,1.328528124030537,0.9379941127034106,1.9912467145498245,3.689118814475491,0.492782948047451,2.7474302613208144,0.5020971314266172,5,8.380807769382256,0.167,10.0
410575.66949979926,10.0,0.98,13.954151706860488,0.0544354187287403,0.0484047878553188,1.2432431361597691,2.156402428196374,1.5100249008360789,2.208867267195957,0.5291228312694821,2.0705492871878133,1.0278407990398886,5.925935400583423,5,28.604860126972603,0.967,10.0
591856.9177599052,10.0,0.98,14.027572864214507,0.1369619717003161,-0.5944785563301138,0.9058621365241432,0.9133795010167602,0.6461725416826651,2.518767599027153,1.5439450910677233,3.624218418239009,5.497455434012165,5.580448812909528,5,24.77580657826116,0.143,10.0
890135.9314066289,10.0,0.98,11.787504330759662,0.1949619666496492,0.1812388398633175,1.311940940462225,2.126141792218503,5.035041195114292,1.3015338130063243,6.180978728390449,0.9822547272618743,5.568302589794788,3.367877850923295,5,17.668910327932966,0.13,10.0
741511.0365796153,10.0,0.98,15.534515763685915,0.0579685778025239,0.9450184489334876,1.0652107183479436,1.017373112196048,2.5919593933713583,1.9366994176544887,5.052829659433551,2.268473852966012,0.83966868387905,0.1886124480913022,5,9.578046181556791,0.162,10.0
500013.4883258194,10.0,0.98,15.519678343828629,0.1072471710207685,-0.5733975843842143,0.716963893848851,0.6807135532602187,4.7222981364710295,1.5927315978625785,0.6316087554069475,5.427950025716162,3.490158394649828,4.7858886939404695,5,25.9568048330927,0.194,10.0
847941.0612507659,10.0,0.98,12.068914951690822,0.1252210498843599,-0.4304848780186427,0.7601757887649853,2.386393683517792,2.732151482387406,1.4288301608518077,3.144537550146314,5.910536403444111,0.3782309043579495,2.072299712247431,5,25.982882532746967,0.141,10.0
434698.73310062825,10.0,0.98,15.350434367910871,0.0880539843924946,-0.0669318065692643,1.4049662218159196,1.0679233126300276,6.248604990402834,1.666546651939783,2.171182236067984,0.4395981172599404,5.9629311055092,1.9410100510435728,5,17.956249304106755,0.968,10.0
708777.4524878215,10.0,0.98,15.047809639562534,0.0618573736911449,-0.888634230549584,1.1702067586456175,1.27699004181888,1.397433143519974,0.2501097155250155,5.408714891114318,1.239964755104986,2.119089854359048,5.549324322886669,5,8.316417794964707,0.187,10.0
983772.2000776124,10.0,0.98,11.296623544354256,0.0538099380012563,0.0099547140493321,0.6409518678188427,1.6187320268381953,5.397090753735386,2.4615801786871745,4.941031999383565,2.812285942728204,1.3046434277617251,5.890874913316906,5,30.17794773997696,5.405,10.0
828787.3685779251,10.0,0.98,11.568678740639788,0.1801958294503484,-0.1778684671910493,0.8643418524548677,0.96776418693192,0.994731255135622,1.9539880377108128,3.609370464152017,4.065694292936302,3.5789931208978425,1.010795615765516,5,20.93482987440036,0.179,10.0
989330.7582977404,10.0,0.98,14.32845458291632,0.1026815684183942,-0.9433581296404624,1.2230307649160257,0.6904583382250077,4.5443018323173305,2.067364821971115,6.068172106724554,2.6248480393325524,3.0629952518515893,5.997252850489546,5,4.638111346223281,0.121,10.0
625370.9069807834,10.0,0.98,14.501976122026647,0.1070152730550764,0.0112851781791427,1.368936665729858,2.0368717817931388,1.1361844112068458,1.749775362341629,2.0861556261212035,2.4574292209366235,5.287062513974742,5.798226613350499,5,11.81413968420631,3.497,10.0
811760.8840206425,10.0,0.98,13.989934593255915,0.0764637781290639,-0.9007121079372944,1.0811222716579167,0.9456170347651702,4.176900559546454,1.0898313731109528,4.069979592924733,2.7697664373522537,2.014040706856084,6.109440638858658,5,16.86062313596116,0.147,10.0
474815.5318776378,10.0,0.98,15.390541771450604,0.1110442032785537,0.3847069251328068,1.1840168865937242,1.9712587669788888,4.575663750795693,2.330920900279589,5.572591214971334,1.4277356657931803,3.870223052607517,5.763841117346791,5,18.876037894496733,0.198,10.0
800624.0164321305,10.0,0.98,13.247538623378723,0.096614993891137,0.2618570365526802,1.2901039540418129,0.97964546665817,2.9554546629421585,0.290205533062086,0.0662259534158316,2.536222752028697,2.517297249081386,3.81362165757845,5,11.892494146038969,0.137,10.0
663858.544173358,10.0,0.98,14.414745110984576,0.1576246223370159,0.3755324426955391,0.4512083010503719,2.338211551190512,0.990912302699721,0.8389596369752799,5.424520677532879,0.6979585505184767,4.440619916348866,4.004075648581927,5,31.19554619200776,0.119,10.0
488952.9063904096,10.0,0.98,15.288001538664052,0.0645568475043998,-0.1932513804355036,1.1883104698158666,1.7132650701322003,1.8551605738416324,1.6398350983393393,1.2018869936359124,2.2755157974613227,0.4288321755151584,3.744556743758568,5,15.76040427826906,0.31,10.0
627902.8427374373,10.0,0.98,15.869756410576908,0.0814684965865486,-0.9145991675607286,1.1567081836806368,2.517701146143562,3.5064171735103487,2.103960896698774,3.0015034677990133,1.930205701886428,3.486692440566559,2.642830665336492,5,13.86082432736937,0.191,10.0
983197.1005527568,10.0,0.98,15.55909957389258,0.1570619231477373,0.4043018308144803,1.3269495128458275,1.5685453439809034,4.17551148838604,2.4127162349190634,4.199223893713968,3.4571667632804868,5.95310563628862,0.6091941560351685,5,3.75237587277221,0.1,10.0
522110.9947786068,10.0,0.98,15.335237584926972,0.0773203123511561,0.6561042622857991,1.3388789612235008,0.8721883563590296,3.9942349818603535,2.541291866144468,5.080774505115486,5.8182786110684095,0.3825588389809336,0.3934645307844593,5,12.074061968457965,0.231,10.0
781548.5216291585,10.0,0.98,13.888610162505746,0.0726411558135845,0.1486880816741191,1.0365500015845228,0.4682338675839113,6.114083339901947,0.2833069089334218,4.173498263565901,0.9895645722494372,5.005733174246216,0.4051575457882472,5,9.195686319947155,0.273,10.0
343001.06416850834,10.0,0.98,15.008328100825292,0.0609296201524151,0.0314260830569841,1.4811350533822158,1.4911950095153843,5.961188427132181,2.3362831485052795,1.81340465235726,3.398228312493829,5.594301622392549,4.520863972536757,5,30.645064234969155,1.737,10.0
970255.4200942238,10.0,0.98,15.443912068002584,0.1395106980966524,0.8072610281751438,1.282626548119965,2.2039756963424173,5.020692706278583,0.9953325134456756,3.535492595332921,0.6199029419276417,0.5648572595038029,0.3505200766147666,5,3.359324566741748,0.1,10.0
730240.2807167989,10.0,0.98,12.647759042907316,0.1034468065189619,0.8191647249862399,1.1722851916008266,2.588394802818579,1.0083224611811887,2.18476721238253,5.451585457190916,0.7728998177523513,2.507001155811363,6.271363278770894,5,13.51851800257307,0.171,10.0
811783.3663042557,10.0,0.98,14.881188992871936,0.1065272305963693,-0.5708513636507937,0.7262261206101619,1.2896403826222382,4.28170796653705,0.9222912010804696,4.488410227540444,2.273828650424788,0.3870051137921853,5.296582364096643,5,12.559590718641362,0.138,10.0
986787.7242223674,10.0,0.98,13.17877185914362,0.1672034178638589,-0.5708928834444811,0.885576587310166,1.1111995239164707,3.197356303039624,2.16788567596533,5.4647917455184665,0.5904656578619403,4.357244584319632,4.663359420980824,5,10.753637050028576,0.1,10.0
761535.0741542884,10.0,0.98,15.433345712601522,0.0924238052160657,0.1094469526856145,0.4960121598396615,2.070804247228634,1.343099455189814,3.016139283932539,2.3502482945202847,3.0887843145692107,2.934775179136298,6.102988708135256,5,17.32141342317166,0.221,10.0
939466.1581370382,10.0,0.98,15.30665027736926,0.0817829304548296,-0.2110251061989381,0.8030188654771813,1.902685836614356,1.2840676346184514,1.678978210951033,4.260344740494526,1.590897263332321,1.9366381533221064,0.5928159414559753,5,5.233457223424769,0.163,10.0
851151.5046583654,10.0,0.98,15.12360928612997,0.0755300487399795,0.0694543556617808,1.0966912752899107,1.8088619854367587,3.7938518218172543,2.210585540245409,4.834270440769097,3.484034101465797,3.804846648500865,4.89961729672771,5,6.9632403196406125,0.276,10.0
687759.9263006516,10.0,0.98,13.700569372691165,0.0635516972067087,-0.8212718445086591,1.0677656120274768,0.7413095489206261,3.71168431230757,1.56884171703829,3.085751594199373,1.7426085064387815,1.0725841755788934,0.8031692752508313,5,17.41324105817868,0.233,10.0
560791.3456111047,10.0,0.98,14.190008595857634,0.199409640002534,0.7583466510628489,0.8654031163462491,1.41758197967457,5.226517373840987,1.3632865184600995,3.954851744095233,0.9914467242716706,1.6839136746058314,2.1739144022549133,5,23.278177703532247,0.145,10.0
980074.6865163388,10.0,0.98,15.29634154538283,0.0655645860322129,-0.2705337245661883,0.3497240858150785,1.0276502028433645,2.4605355164277376,1.5646869042401053,1.9716881764188807,2.2207723379525994,2.023528157557044,2.268981360817625,5,13.035815033086338,0.433,10.0
850810.5838806885,10.0,0.98,11.438201479325054,0.112170713365567,0.4779404790068486,0.7873162400030611,1.731211943641502,4.507928305338251,2.8229607002838626,2.9591464358059505,5.413374659409133,1.0586067188924548,0.7921865201798503,5,31.5982578975716,0.164,10.0
710625.3624841261,10.0,0.98,12.776594341918004,0.1272982674118095,0.0660094196967446,1.2140947780907725,2.9320121000780293,2.664110210289649,1.8061684420443689,5.57356173322751,3.655789519539485,3.196296209172728,1.9311379281143093,5,18.8417278798516,0.425,10.0
828773.9401883399,10.0,0.98,15.926486329832926,0.1019396681665836,0.4130517959551139,0.3244326423823442,0.6370788768777318,3.544730914134917,2.140254817789962,3.433161712286464,3.175044173391308,0.0260634879007819,5.009780279999401,5,18.950464376991057,0.137,10.0
756828.8037457498,10.0,0.98,12.498149453393172,0.0991593703348734,0.0942537790011841,0.8520410813538559,1.586234250828514,5.829306334455644,2.399235128055376,0.4250489896291216,0.9114810062101588,3.6196572793623503,1.9767349894383472,5,27.068176383294656,0.273,10.0
548033.5638818396,10.0,0.98,15.014560191271835,0.1907309605887543,-0.387274729532967,0.7567905959460052,2.1061323026372385,0.942869618651032,1.830314138675068,4.6486194442149245,5.601601457782788,0.929474488976148,6.046038749402241,5,21.50568912725976,0.125,10.0
992223.146466483,10.0,0.98,15.579994804542928,0.07844924105566,0.9415376019749508,1.0359660934428148,1.473940196701038,5.174582573652573,1.4311286121585225,4.710149640567764,1.8565582414570447,2.964426246396409,5.47442196118716,5,5.975148740269312,0.128,10.0
788958.9303740438,10.0,0.98,10.561988065133246,0.1029954191521133,0.9866611101873544,1.093672994011189,2.950988415497047,2.7912924045120824,1.3365133133041407,3.778096618486018,3.8767150452871935,3.185174518025517,2.722920324297443,5,17.050643676682025,0.1,10.0
730249.8006960728,10.0,0.98,14.66989945319058,0.103870292735446,-0.0218243059973484,1.4059177143342358,2.454127506172882,4.808760050689418,1.209522808906507,0.0163216553712481,5.9420281215026245,1.6748971180471044,2.04459714418811,5,8.317338923398438,1.382,10.0
681675.9542998694,10.0,0.98,14.319383429437089,0.1365371615411745,0.9951569249394792,0.4355626071851907,1.5349399165541766,4.222378028563101,0.6170688405014639,5.164280322875953,5.227413327061667,1.712699987134875,2.534386850619549,5,25.27215855940143,0.091,10.0
588528.8366529257,10.0,0.98,15.756114068032735,0.0845517277780026,0.4705358740341132,0.7277787922110642,2.9100197067361258,6.123851968018739,0.4762059177375557,1.1322255746271703,5.093090386884671,2.482150703337103,2.4368026234787497,5,14.871993953654345,0.19,10.0
885941.2852067262,10.0,0.98,15.466755551049586,0.053044791050912,-0.7576189238239606,1.431588380109068,1.400425045621592,2.228039083361117,2.5198962428121536,0.8805812678556842,1.3463902997277946,2.083230611614689,0.7869098054034619,5,4.115382580715887,0.196,10.0
984828.0701401208,10.0,0.98,12.917763052994824,0.0592879903704003,0.9236890755365909,1.2409792621260003,2.4073468055595804,6.088868749646421,1.14901105817229,2.32232113024057,5.507709479376546,4.756587229673703,6.218898127547674,5,9.097254502800425,0.171,10.0
949652.221699237,10.0,0.98,15.925172231563629,0.0522137855094146,-0.980044032804856,1.4431136966163696,1.2420037683947829,2.5629603532555483,2.0257689254210125,3.964738374016937,4.698986965134604,2.620173502666792,5.707120561038596,5,2.2796242153763067,0.182,10.0
453645.2486433734,10.0,0.98,13.134432320676332,0.0826326154991487,0.4361310748063038,1.4935618062579177,0.9791843734500434,5.733185600432846,1.4428141991025172,4.6463933851023045,4.825895862547817,5.225335344982756,2.8726125684346324,5,28.372101441115465,0.256,10.0
597235.1984472196,10.0,0.98,14.845382763152466,0.1667130561992314,-0.0879563697505687,0.981879188183255,1.0311167686520442,2.254761974644249,0.4252452007220905,2.8354723621517244,0.1699647035613346,4.4812938419706265,2.307676763703062,5,12.779433463379233,0.352,10.0
639753.3917290289,10.0,0.98,13.130928190272485,0.063661447436042,0.2939855514166789,1.3808654427983031,0.9271647764339332,0.3884171135327244,2.685959892832173,3.531292609759387,0.5481311283344201,2.6813107199560795,0.1819269068835842,5,13.809817354944954,0.211,10.0
736147.611303943,10.0,0.98,13.888913930585638,0.0513795370609221,-0.1022620125178954,0.5339706059985693,1.836373898667122,0.6351236824547243,1.676346549738861,5.7670021766862,4.000589447498874,2.6908616890467045,6.143232454173285,5,27.236376449724784,0.352,10.0
944157.9071180758,10.0,0.98,10.31753756750788,0.0679617439756196,0.7034610677776203,1.1340402525142368,2.45770893820158,4.941913008462627,0.2928545719647035,5.352438913714996,1.1983953446486515,0.7532925703392216,5.486637781075736,5,24.38779695899921,0.207,10.0
560465.3693770118,10.0,0.98,14.952445889777898,0.085528419613716,-0.2258132843272156,0.7669760753437193,1.0980838378448048,2.679060317449081,2.0146857173652384,0.6255313401461283,3.7801654765360553,5.968308373579989,1.5327984066255285,5,23.28029486851821,0.216,10.0
670417.0281520986,10.0,0.98,14.317114280182782,0.0520410729905277,-0.7303056290457011,1.1651612936736362,0.3128465993905433,4.185381771431806,1.1497485081992735,5.373620765179155,4.523287837179156,0.5398052727765953,1.7820182894818075,5,12.6930167628969,0.244,10.0
778755.3545288286,10.0,0.98,12.679980680320664,0.0920491446517715,-0.5333161687438841,1.2214564901210847,2.359728488820719,0.3253693967977424,2.6944610032319,4.523503030460835,5.888735859064694,5.378522446420448,5.5580064845975405,5,15.532178019455248,0.191,10.0
814725.9107746024,10.0,0.98,14.437907379257933,0.1677818644776188,-0.2411117811579588,1.0529179911507005,1.9110829483255456,1.4204983205942008,1.5235096763834588,5.013687962865862,5.665409701864689,1.558977842256445,6.202822831065042,5,6.735763112251809,0.135,10.0
537214.6978441722,10.0,0.98,12.87966504248384,0.0747546498063703,0.560792891072684,1.2258881672876338,0.5273787944318753,2.944613752215389,0.5510343503041523,2.391330353591705,4.722898565716893,0.6031669580674411,3.654372979614658,5,25.012565339720968,0.241,10.0
838426.6956793646,10.0,0.98,12.59225139231223,0.1871316816104863,-0.7547003275760911,1.3306233125485214,2.5237678804146,3.326350909339033,1.872978689721748,3.666521742528392,2.189637629381885,6.133545523105013,4.61602659847543,5,14.64795961814228,0.112,10.0
403117.5903493592,10.0,0.98,15.308669528920143,0.1097111583249883,0.9429441338057408,1.2442266277528702,0.7816564637806602,4.656874860495861,1.4248602354430826,5.07011395212688,6.232739157488548,4.370273855276616,4.635369070471518,5,24.61731665654091,0.197,10.0
941180.664707353,10.0,0.98,14.136083104091622,0.1075392002717571,-0.1077997038452061,0.6467979937813365,1.4555336372266592,3.240698981645365,0.9628330347487676,4.253287825024932,0.2558236885020427,5.384449195836314,5.845874027880012,5,11.763213178590718,0.177,10.0
719411.0377062078,10.0,0.98,11.79268909441826,0.1627404138810463,0.6480873597703665,1.3672369332596404,2.958265627684872,6.127849230966804,1.077461884645013,5.415232002835971,2.6128940241083245,4.994282463656053,5.404719905256635,5,17.302983471784582,0.151,10.0
606537.8223295407,10.0,0.98,14.372120958047509,0.1288922978122417,0.5299238304665967,0.972134836493515,1.277558561558552,4.256860085953992,1.0741127176902778,2.5851605003514364,5.288916911168471,4.581751484892592,4.875292719463864,5,18.48158507325896,0.152,10.0
645244.6163272167,10.0,0.98,15.365031246299498,0.122817869072105,-0.008754187358682,1.0533609643244488,1.2422020289001623,3.1055859790471265,0.7636193329853997,3.6553923143306792,1.0306328206074846,6.225842897000919,0.4101682282905598,5,8.503809436403348,7.594,10.0
816099.1207029999,10.0,0.98,13.079287472256263,0.0544637694020636,-0.5000957962713086,0.829766206201382,1.9613878389680848,4.19522990347507,1.9654404442084807,4.033387114592927,6.010784505268815,0.5600335169753066,3.488915504024236,5,18.98255594988045,0.216,10.0
747719.5961399943,10.0,0.98,13.8937034548283,0.0833373840064445,-0.2670745017864351,0.6554061153452613,0.6576744077221017,6.041689571554716,2.82883445038308,4.342833792841933,2.427711447273225,3.086866958404016,2.293170064892745,5,17.563484093898236,0.168,10.0
787754.26777698,10.0,0.98,12.656883258376649,0.0584886909685711,0.6669854778596656,0.7512073427664623,2.169897852001074,1.277992404963446,0.8493932426474063,0.4616232818091036,4.584930745584753,2.917586051315684,6.0022318265817525,5,20.11449937387523,0.188,10.0
666613.32550606,10.0,0.98,14.118872810881944,0.1748454927134424,0.5185293034105165,1.0901517532412386,2.179493480172923,3.0051060438880253,1.9706720784361484,1.862202003850861,1.0722683382343172,0.7704771967352343,3.905970164135088,5,14.937165795279196,0.128,10.0
899363.2943756566,10.0,0.98,14.945249255759796,0.1713851544142457,-0.4915354726150107,1.2758021707048406,0.1656373559347326,1.5234763973005616,2.218416908138151,1.0357966902493918,5.916759173983125,3.19011513270684,1.616684150415186,5,4.554994043950615,0.119,10.0
978427.0950075052,10.0,0.98,15.405173144868463,0.1355070473393755,0.8575033897922124,1.0081611077179458,1.7728526924270296,4.725250269933756,1.9398426028010929,3.348078793268819,3.936702223629287,4.741824254777415,3.4441213013674035,5,4.108162447437723,0.117,10.0
919199.1203707164,10.0,0.98,12.896708666339489,0.1254692451111914,-0.6558485431641139,0.6462716378935252,1.953287693623424,4.366659277512263,1.0293963010503415,4.2392219520463925,1.7681286388157056,2.1166741429066067,2.2554082859266416,5,22.08612795394497,0.125,10.0
525391.7363506751,10.0,0.98,13.90187312028655,0.188645302554579,0.3200399263238791,1.0882408332116806,1.292017150261831,3.67150223226138,1.2715544510518668,2.054122307385982,6.251935972212444,3.151286725885744,4.718770086773519,5,27.074342618878656,0.142,10.0
842752.7215876539,10.0,0.98,11.473891425092075,0.1865860749222461,-0.4688397958456469,1.4834852294973442,1.4703047669824327,1.1741498562192976,1.7907455088734028,6.074444437964584,5.064520905221221,0.648828111985054,3.239901459984756,5,18.737617186214,0.13,10.0
608251.1539612568,10.0,0.98,14.47926005310496,0.1907462703179114,-0.8079158402065942,0.6442981123848173,0.9722762010327548,0.9268344317877566,1.09239320673067,5.581904061896092,2.484628508570279,1.7142118614144024,4.7895575234225,5,24.845429277940127,0.136,10.0
545344.2388228311,10.0,0.98,15.270221245156478,0.1420374323010719,-0.6607315984034356,0.872034554920892,0.4515756705517124,1.160012542822163,2.96417234545801,6.181235184219289,4.8026651369147215,2.710453425701666,5.492885115559011,5,21.820462764906235,0.149,10.0
528052.9997877865,10.0,0.98,13.37339021511403,0.0727232175041942,-0.617691602222695,1.3090511148661022,2.0995767509146344,2.0167792024984044,0.887189635745436,2.4548209603718534,0.458631162812492,2.6528694637396395,6.242303859526914,5,26.771953857422595,0.291,10.0
981513.599662794,10.0,0.98,15.88198415027358,0.1239392209107901,0.3215334424329197,0.1679752488094612,0.9188805606509084,3.199561079930825,1.2439935845750267,1.5788717811065065,2.2648521246818003,3.3555408048559263,5.142306263928406,5,28.472804812540303,0.115,10.0
969435.5150197126,10.0,0.98,12.120816392401585,0.126146759415175,0.1656573127465417,1.0753589417266909,0.6758226083910298,6.1674717074535765,1.5365101735193354,4.257202165045907,5.856790733742783,3.302363290030258,2.396348828159357,5,14.560407360877493,0.14,10.0
580334.3277773341,10.0,0.98,14.132761379149818,0.1005892961250664,-0.6177954216568846,0.9431327417228434,2.1716798693570296,5.951412077604782,2.230973941373416,4.318180586279846,3.001557156357044,0.8940034002699202,0.3811108477757165,5,23.783127071403083,0.16,10.0
955020.0983153784,10.0,0.98,14.348656506303442,0.126438326163276,-0.6145138463373745,1.445721922882993,1.879511829603654,3.1713708272144947,1.1319008038763037,2.200536689394519,4.972389697355593,0.3231529399282183,1.0792467335512637,5,5.054089391119144,0.105,10.0
765061.0416314439,10.0,0.98,15.45527833559992,0.0979831149164031,0.0544836133224022,0.2588273083587423,0.928283888319708,0.2316934706760865,0.9306397568900971,1.1776920446044403,3.863146371144573,0.7330116953757299,6.018096866781513,5,28.60744164858112,0.434,10.0
663811.2299339998,10.0,0.98,15.828858152465743,0.107602895410947,-0.9857810442969436,0.8825841386636629,1.428729170136702,1.545250059838505,2.4209498815999333,6.160390568071465,1.3284741930494004,0.7060798720268696,0.2367788318768924,5,8.829010743430628,0.174,10.0
409364.6497604375,10.0,0.98,15.190955238814226,0.1709094791734739,0.4266269832448506,0.9396093241650544,0.3133339216216159,4.957197642122114,2.2230961843668693,4.043508368066854,2.8410980207196426,0.7421024394719425,1.2577750735923248,5,28.22342757362708,0.178,10.0
714231.2591951401,10.0,0.98,15.290433012522774,0.1551707629102471,-0.0454760251679047,0.5246797768629227,0.5004063820475761,2.227955251213915,0.415988206743313,5.727384849690586,0.4751039921926055,3.981405120870334,2.176197361407061,5,15.007649372346227,0.461,10.0
720045.4087614137,10.0,0.98,11.632395512780633,0.0982016084994227,0.0915291166119212,1.0267393977845405,2.732525386056858,1.986520919101394,1.319303673072569,2.0653187097298624,2.9571966046497686,6.255544675812466,2.576594051239506,5,31.51284270792536,0.403,10.0
838795.483955335,10.0,0.98,14.787292654419014,0.0773152103102301,0.5812957870727928,1.2843101199896538,1.672329159276972,3.116692432620722,0.695969686366892,3.870312276179485,1.912993663743878,3.481025497288535,0.9836274601320236,5,6.2808816338021005,0.151,10.0
977865.7862954596,10.0,0.98,13.512651883048006,0.0665434853444065,0.2994463122968545,0.7673296374288631,2.684220951254387,5.245147157615087,2.248820155283025,6.021961304020899,0.1810846698930941,3.940014816873712,0.3990186834674265,5,9.1061331055159,0.151,10.0
992203.1074423788,10.0,0.98,14.918702912624918,0.1803338020539934,-0.983947022270621,1.0231047086876466,1.5190060067711932,2.942214892800868,2.533809819516395,1.12058953158467,5.240732391097598,3.1336780842478893,3.5847017334335067,5,3.8311688962301713,0.107,10.0
903282.0724841496,10.0,0.98,11.393107199787972,0.1513145484423366,0.8068274627851555,1.433310863187091,1.1420317469826309,2.860037745389185,3.012528157413193,3.333473583280178,1.678873779356688,6.234825379503548,3.9726063295332623,5,12.126782946208252,0.114,10.0
546429.2943020617,10.0,0.98,15.520613568107958,0.1485165557709383,-0.2140028868295982,0.7700462442059013,1.539332618634432,3.614215947810468,2.3923776801645014,2.6949918679636897,2.2686660066963062,5.746603036397494,0.0365657364679856,5,21.14392901286191,0.175,10.0
742692.5538256755,10.0,0.98,13.973988899650376,0.0597031498853121,0.3225792561533658,1.372821401523593,1.6643236730132651,0.7440903220682508,2.5623497143074374,5.2129388700663775,0.0765352293883973,1.860906481905656,6.043646986392647,5,10.761585948396611,0.195,10.0
653593.6482540207,10.0,0.98,13.081598618452134,0.1771561995725465,-0.9352676368373278,1.1621702959717053,1.7908418679700824,2.991353187225889,0.8886252048619837,5.3197914351531415,2.050841660861626,4.629070735330613,4.439232201561495,5,27.264960423801533,0.146,10.0
674941.4425503054,10.0,0.98,13.244180708618623,0.1440297581857498,0.7096259106993514,0.5975170082645416,2.0481035697335424,4.9441753403835325,2.2529645055717697,2.782671413059467,4.524459261484457,0.7445110938385954,6.029375010073344,5,30.49648889348566,0.139,10.0
885854.1848127798,10.0,0.98,15.860555013873483,0.1560981841854104,0.2581610326092987,0.8866012758019788,0.7652895320605638,4.142561078491804,0.3994679700048844,0.565931437649831,4.1872224190256855,0.3776720842703768,2.051143622409076,5,6.536283566651503,0.107,10.0
829367.4928176386,10.0,0.98,10.652611284772238,0.1915970727350747,-0.4510059045495043,1.3812084612860578,2.204498600309729,2.8511552761147336,1.8191061555811288,2.880991358829051,1.917008293640177,2.148688181807001,2.789992243908326,5,26.00559954155426,0.153,10.0
995040.8683360764,10.0,0.98,15.52448347298685,0.1647832314499029,-0.7629874541473138,0.2804618621534246,1.98572608605642,0.592319588616847,3.068183999573011,5.325586520493336,0.1194835749178572,2.6911925822122327,1.194078196289684,5,15.379560601417904,0.102,10.0
790090.6278474735,10.0,0.98,15.296934606965303,0.0989281312549345,-0.5717108833603151,0.4628641966716084,1.498073702824119,4.934934686104269,0.9705054218276148,5.361773372051339,0.5093852334971246,1.798330628283351,2.3833913119897394,5,19.13682713796512,0.132,10.0
905391.73103917,10.0,0.98,15.864315766754869,0.0812996561323625,0.5174173036214209,0.7339169266803939,0.6714516366359464,0.2461752173821327,0.9788309042528004,5.925666400564798,2.5903364543058967,1.9383485429743947,6.26752090152478,5,6.47907803821594,0.134,10.0
964992.2843814236,10.0,0.98,15.329290505166652,0.0723086792877668,0.4702185115652795,1.1739165275488477,2.049431769487821,5.254896534364233,1.772890128496117,0.2812225812490979,4.593953473008605,3.2480740741170906,1.616471484103212,5,4.583135781553487,0.129,10.0
842102.0894513972,10.0,0.98,14.804976177184397,0.153554401196392,-0.1480783718682989,0.8397734760148001,2.815333695535632,1.470156999284583,0.7920699971641358,6.146654736873079,0.1555705532550826,1.278494314213904,1.253061737014893,5,7.158426500724352,0.136,10.0
980907.9144267694,10.0,0.98,10.47559067970845,0.1183460445477132,-0.4437495011652848,1.126527938514801,2.375383153944965,6.212428215400029,1.4958807001901009,5.308572573154113,2.2450912488696195,3.1227425306856738,4.980688064798541,5,26.46280285313884,0.144,10.0
955904.563733583,10.0,0.98,12.57732971100755,0.0546524560185046,0.8640767468774591,0.8498024975134203,0.7942109745002446,3.6566846629714433,1.7355077890097883,3.4596580179752,5.669882103449641,5.6363559297040045,4.673550363744868,5,12.749711682985032,0.203,10.0
921216.7957529356,10.0,0.98,11.54113957120816,0.0946957524108772,0.5330187580608827,0.9449224601525912,1.6284792155483532,2.538593889572678,0.4760017099732364,4.6554769301557375,6.151359599589839,3.516832512946145,4.934607797804583,5,20.31552782821157,0.149,10.0
616539.9781670077,10.0,0.98,15.33993518232097,0.1326329146704848,-0.380839286641865,1.005864816076782,1.143214377308042,1.9741635549681704,1.5893415254245828,2.9121535942020698,2.382345385162596,1.8783280184230915,1.1931848199939898,5,13.65933638493772,0.157,10.0
460194.3183087379,10.0,0.98,13.825660155436978,0.1506652840568861,-0.2841312287503676,1.241237507600666,0.6498173275929692,1.0379450184673356,2.03137858614954,2.4445825978691347,1.97308152659419,6.258861438067414,4.977811765981948,5,31.64230304021648,0.219,10.0
657072.1262672066,10.0,0.98,15.59029707205889,0.1355194305415402,-0.2778906784632342,0.778095626767994,1.621019445777949,4.247062089782361,0.8098861843914962,0.776082624878295,0.2215361004104578,1.0668534411274877,3.291761659589578,5,12.648212432077178,0.144,10.0
788652.1456835507,10.0,0.98,12.064188017797544,0.0985779807802774,0.0519479629657149,1.2380251020113215,2.7534330622873906,3.846884744076061,1.959086355607876,6.156552974607778,1.2542420456819108,0.0349176932796895,0.6755454671856008,5,19.988423518810222,0.375,10.0
937837.1093321894,10.0,0.98,13.618197706086416,0.1814591162953031,0.1555147900338629,0.8248047555705359,1.3450216906907353,2.416987849609489,2.3004750026573983,3.266279025747084,5.258807071451197,5.44023448187807,4.386524417030921,5,13.53945700380552,0.152,10.0
969893.7963045024,10.0,0.98,11.882099800799413,0.0848630909068635,-0.2801505392753587,1.0748778453165324,0.9549829749459616,5.392584180007689,0.9700949885827614,2.0783750581712663,4.373718678191288,4.714888455115911,3.883367132584583,5,15.426613473927386,0.194,10.0
933601.6491240916,10.0,0.98,13.95246094317881,0.1561623063509963,0.19585360606438,0.817630076306508,2.397672891799397,1.9972403211067065,1.5678402762993997,1.617127762721416,2.733154193077664,1.934098602291961,2.9792835379125595,5,9.955818070792114,0.094,10.0
798904.8005897572,10.0,0.98,11.144674739829608,0.1664666438118058,-0.2628367801042597,1.1879347553367523,1.4334880749478456,5.626600760695839,1.1969797201807102,5.903079412576197,5.447513111453674,1.922275391025263,6.134259537680713,5,20.38539508742248,0.146,10.0
965433.393683115,10.0,0.98,14.262628991511887,0.1469927561250572,-0.666989788893599,1.0127164915857858,1.1556077907082818,0.5362030213020335,0.8105972362911154,2.5431546066457584,3.704607854196872,3.2279139960732284,1.5163895082039005,5,6.765750949504026,0.126,10.0
834897.8592270928,10.0,0.98,12.68724188072368,0.122260128408118,-0.6629004173851496,1.4433716568943762,1.0528521822790515,6.181164416956086,1.6727038577711495,4.12378293342061,0.5225960250627613,3.915683678597584,1.4896565979840608,5,12.34043579126728,0.132,10.0
404595.2389522484,10.0,0.98,14.53158575757548,0.1830509416377906,0.6385628738671518,1.4863157391118345,1.3797791027191622,1.9426759095181056,2.321121696554812,2.8822908930555577,0.6669809350433678,5.925254706730555,5.734687569011104,5,23.14048000351079,0.171,10.0
829706.4745628118,10.0,0.98,11.324130493680006,0.1867909282851005,-0.0954063503350168,1.2057592716374148,1.9381015917392503,1.6142598178860188,1.194584141866824,4.167524278506379,2.881754174711048,6.026067242758177,3.718710919945688,5,14.89059881427712,0.245,10.0
568197.4243489054,10.0,0.98,15.317210565135191,0.1161076437917178,-0.9231009545193828,0.9004359659198143,1.3437602536224296,4.859681596442469,1.5932671272326144,1.661284289317647,5.67377345381829,4.301644116997763,3.959912995575489,5,30.099855256520936,0.164,10.0
790210.9744048176,10.0,0.98,15.043589631865329,0.1917598964139596,-0.6858729785475857,1.1165246705870218,0.4264920649221975,1.7939090718472568,1.0684408704838604,6.00959621149502,2.987689910879342,5.447179814772382,1.5252747843988086,5,6.536280823561079,0.116,10.0
426670.6771195918,10.0,0.98,15.892316156746574,0.1121783505267772,0.7662520516353799,0.8875475622327519,1.8556343095292107,0.5447470264483963,2.1319061819722966,0.6628138372836067,3.1658866610422534,3.007672552962904,2.1943789540071825,5,30.55344560024784,0.205,10.0
869408.9161151466,10.0,0.98,10.293763599840153,0.1277974035333319,0.3875282157103683,1.425201720337131,0.6831230700245293,0.5291042432478991,0.4102676122562619,5.387859582165103,5.974545863905107,1.6710176025680796,2.8929285787312367,5,22.8892847383352,0.141,10.0
350920.1495237653,10.0,0.98,14.003234606601191,0.0887880333382731,0.7184416492953027,1.332184304314301,1.858615695041268,0.4488250122865215,0.6107901207905716,0.6117714528599828,2.44457845931728,0.0933861188846096,4.207820971847252,5,30.927068452380087,0.297,10.0
625147.3130135898,10.0,0.98,14.436448983052331,0.0782414235701573,0.2764608203548886,1.322743045303023,1.3981894605010423,4.502019038211918,2.901825941361736,1.7853238755649077,0.0563355360856273,3.4499953228168825,2.898193299983279,5,13.65898163857931,0.16,10.0
965155.89357221,10.0,0.98,12.22192170266751,0.0797326799293967,-0.1466344006725963,1.371264595778564,0.5602331727277512,1.4838238145816574,1.1403847934415166,1.2426084409592513,1.4267753531586431,0.8575751969575143,0.8791897624138394,5,7.722973544057565,0.224,10.0
535632.3118176451,10.0,0.98,12.786486524954348,0.0593062380161918,-0.1759598468590708,1.308080707343533,0.4933624053879284,5.347702490511544,1.1350917875736757,0.7408864948580705,4.324547020738831,0.2378340219236472,1.0957955993316488,5,28.208996115214948,0.476,10.0
772777.9617435186,10.0,0.98,15.45751827020947,0.1343189287607303,0.3907836644615854,0.5215910619475309,2.484044619181385,5.960234475197782,2.927520978863928,0.5487817895079109,4.185142079316003,4.964615247289433,0.0236834808405328,5,13.30400156094176,0.133,10.0
988949.8795342414,10.0,0.98,12.706554157288776,0.0525483275599102,-0.9637114015710976,1.09376032818992,1.2413412396412238,5.085720274563122,1.8898875705143576,2.1598648722205565,2.815146282653284,1.38548625721659,5.935871438262508,5,20.268485043679853,0.201,10.0
890588.2601946591,10.0,0.98,13.72946009731135,0.1584596619403942,0.8999449472618737,1.2980119516211874,1.588242598080549,5.941011946977006,1.7264623836197612,2.674689549184768,4.375288095052925,4.527093533068778,2.852301323427412,5,10.975559885882294,0.131,10.0
829474.5260157479,10.0,0.98,13.852059688347,0.1226031368545391,-0.0589828018774269,1.3776541120108108,1.9494847306489125,4.409852470038452,2.2143439692221825,5.1836062434040695,0.0699704033750357,1.191289147746898,2.00208457954487,5,6.550386478722039,0.324,10.0
825054.8491891162,10.0,0.98,15.027241436070469,0.1964713199949843,-0.0685963633541886,1.3057552312059386,1.2822868567905457,1.715035204396869,1.8765897897205923,0.2459051266558707,4.242611571177683,3.9753956007473374,2.146319220902696,5,5.997707157744519,0.171,10.0
815956.9965278016,10.0,0.98,10.672813115793687,0.1514159688551744,-0.2536811608973688,1.4177408546962624,1.3115316783422464,0.8603435386446123,0.6538737341336432,1.478413478594922,1.9971153960863648,4.636917799750645,0.2275145585464527,5,25.966238325874123,0.164,10.0
518390.0139361538,10.0,0.98,14.564523874887664,0.1393124109359635,0.6073409841402528,1.3226462853260017,2.6070370914002967,1.1957472725207805,2.087197288624542,0.2952766829030652,1.2825829739582455,3.7869484939600095,0.5781081068993752,5,15.53443100356256,0.156,10.0
449938.694436265,10.0,0.98,14.184174297736067,0.1900257660370966,-0.2681352452403465,1.4388091460634227,1.5976084369530967,2.1688317001329143,1.2970941382674446,2.4400317957854,5.74561842431543,5.806250807380888,3.3596587445844226,5,17.668871342647364,0.166,10.0
744887.1576493619,10.0,0.98,11.742853749392614,0.1698905424628959,0.0821895597589483,1.4277786908373178,0.6199714714975595,3.724347571360489,0.6213882196328046,0.7869621229715428,0.3059883960049838,3.95158656740092,3.825205175868592,5,19.942825515850146,0.26,10.0
690936.8224442373,10.0,0.98,14.0162018930988,0.1427056364735942,0.4915150871408986,0.4745690348339612,1.5721797915894262,0.3738234226375194,1.2404376570335696,3.982510275826968,4.395239829102737,1.7449528099230744,4.003482457367799,5,31.368433358809927,0.132,10.0
521276.268762043,10.0,0.98,14.242315833417026,0.1011982615853368,0.3170767528980509,1.062731517759298,1.2080227476166585,1.470610677864705,1.1569627116817274,5.4139178730112025,5.619501710171159,6.234093298316342,0.5166877445538084,5,25.71936658163562,0.177,10.0
673789.7851297911,10.0,0.98,14.263298961534714,0.143025692922226,0.7732976349143357,0.7624437478214051,1.0224427961153504,5.369318334056826,2.888332161253716,0.4654061947603585,4.71364700281342,6.2129123019849,1.5086984676787958,5,18.243389667616363,0.138,10.0
857984.1021584724,10.0,0.98,12.58802904436846,0.1682188569960386,0.7646908368700018,1.1657508394798226,1.3639816546374337,0.8602008891784722,1.2486543768178702,3.9194842935775815,0.1691455983884966,0.6528385588532565,6.107290890118952,5,15.706576300265194,0.102,10.0
667433.3921675739,10.0,0.98,13.451781793719915,0.0736480279440794,0.1548994605673137,0.6217681204874612,0.9910157877866994,0.7810165459044216,1.975670929279148,3.189223021609122,0.1700909242508491,3.664957400684918,2.350471363397907,5,27.47216824122621,0.253,10.0
715534.2595943068,10.0,0.98,14.01541040650231,0.155245471336716,-0.3699131565244391,1.1402106915361905,0.8368772057788864,5.9729940809154325,1.9650778941672389,5.566365244880454,0.5379952718831431,1.9798004107154952,5.357789693143762,5,12.46246064140546,0.129,10.0
607830.1323788923,10.0,0.98,14.105951890798467,0.0539064926169333,0.3314879715794503,1.4258109587445733,1.8484443676664024,5.470300718655987,2.81637766847529,1.101647952547367,2.346794174383852,3.027472511368221,4.81893449882774,5,15.179192258117302,0.208,10.0
971072.301622292,10.0,0.98,11.52687515556046,0.0794541764720899,-0.6015533259442738,1.2284770262979106,2.716029868246722,5.829684590078294,1.5289291235273217,4.288067125547773,3.967375270781622,4.570105803271704,2.389162331062064,5,15.071497120777222,0.186,10.0
824972.0066937952,10.0,0.98,13.40299618110354,0.1798324931260558,-0.9331935842379906,0.8009927796620603,2.094048334455068,5.515807095733382,2.741938473894576,0.8986839774359261,5.458194194948536,5.495894726796285,2.1448113066556567,5,16.38743749899808,0.115,10.0
968409.2026738684,10.0,0.98,15.056146594396337,0.1111301917443958,0.0718534734814628,0.6292827387202695,1.0912840596229578,4.03938258260145,0.7987208533285893,2.046424690049307,5.623154194878353,0.8330249370858644,3.0950185493280045,5,10.586013197209216,0.148,10.0
415029.2826043733,10.0,0.98,15.391902252715768,0.0953992656899543,-0.4179507141764322,1.17042333813711,2.4431450340480367,5.526816416272999,1.6583775724516272,2.092466046220109,3.410040245784495,0.7006740906864586,3.6428734291789833,5,24.796285485355448,0.232,10.0
949776.9966775486,10.0,0.98,14.782066068378006,0.0840311111721011,0.7330277671529031,1.2987778388215607,0.3128141799352187,0.0859920082435188,1.905201229227112,2.6091066346552414,2.7457846506178463,5.658867411965836,2.24214962483091,5,4.249637423635397,0.139,10.0
948708.4628735188,10.0,0.98,14.05782668796875,0.1259961181111541,-0.1274507500277213,0.6838753113310033,1.025906249020697,3.621592498010933,2.590047527042896,6.203964606368506,4.9971712086335085,0.3912436470431296,4.277795922350352,5,8.300843888433459,0.189,10.0
921759.8214768152,10.0,0.98,12.099276821486352,0.191928992353273,0.3100360107886701,0.7291959279262924,0.610177008196933,0.3424082925583636,1.2566276612940652,5.871824169260984,1.5143167862082203,1.2536926999302365,2.155977048263168,5,20.89733507288496,0.105,10.0
982346.9811354552,10.0,0.98,12.812769423272552,0.0721486408396178,0.3433004146539908,0.6518283231221174,2.08522973262844,3.5906593319624056,1.828130863864124,1.7834646893489463,1.876954851619188,5.956221956000558,2.321776893261517,5,18.00619621953208,0.158,10.0
612124.4552858659,10.0,0.98,15.689302193881712,0.1606588901035388,0.863906377629305,1.180654702959551,0.8225512889752842,0.0194738773648851,0.4474807932020612,5.178094741124029,4.669652097120878,3.328793444201834,1.6972448555929112,5,11.70047780652654,0.133,10.0
492125.9607395289,10.0,0.98,14.23870254949836,0.1855103407004259,-0.5924753696269807,1.233741779897175,2.589513937646764,2.018376307999625,0.7330987620925996,4.833258430960646,3.745690308777665,4.267592153606105,3.36750013808768,5,21.570341893356133,0.149,10.0
601663.1060954086,10.0,0.98,13.328850407941069,0.1653493404867824,0.4862081740303829,0.9429309752134908,0.888382857296136,2.5523749910170204,1.9555526880668623,0.3097054650734923,3.743286870603003,0.0438290573983915,5.616179693745568,5,25.430001773947573,0.122,10.0
431702.028481673,10.0,0.98,15.944285743191973,0.127494352701695,-0.8065341294031456,1.0256851699553138,1.4169157090773528,3.771100269566263,0.6007906941846839,2.460510226196423,1.847403663536756,2.003536740487938,3.404620607763951,5,20.609120867017904,0.211,10.0
729289.2307954711,10.0,0.98,12.449921525573554,0.1303240850105444,0.2555823749553114,0.9778109948282624,1.9454935418173835,0.8155310394260036,1.7075295928221728,0.8206407220335935,1.286318367188454,2.866938412769128,3.866959593019666,5,16.22894093070823,0.116,10.0
783954.521086435,10.0,0.98,13.574928631999915,0.0806965292560359,0.8967000474942237,1.3820896359646642,1.3308571440653156,2.6989677264409293,2.282122570105372,0.0878837640427704,4.265858892446267,3.8411400081897233,1.7129339468499043,5,11.340509305701945,0.18,10.0
813902.929493012,10.0,0.98,15.615848915507955,0.1129542447967433,0.7402356767459528,1.2660008147364086,1.825858827936012,2.5294248401778567,0.9285018056459916,3.778892713062184,5.6324600457914045,5.904630357066087,0.6455582968726238,5,4.784630935435059,0.117,10.0
451967.75981616735,10.0,0.98,15.698346684424756,0.1714295613861543,0.4899975174410054,1.44905828469667,1.5005507417538233,0.8492340790070647,0.3578799130032012,2.750174951906143,6.097778609951454,0.1570389139176602,5.506565730537783,5,16.099728888082417,0.147,10.0
943180.6576774386,10.0,0.98,10.744898912767855,0.1344281788513889,-0.1609380737621699,1.0440689009097297,0.8548267265821546,5.265007327993017,1.2555878133809304,1.2182374523077475,0.6581990047002741,0.8564383535763951,2.232210292942553,5,25.13402757479797,0.261,10.0
986223.9025824284,10.0,0.98,11.27511471405806,0.0727364087963393,-0.4385474638878046,0.9662511416313836,1.366365354397223,2.921301288275416,0.6503362459504596,5.6130982934491165,5.707415773486411,5.561988435783997,4.398631814004868,5,22.52607185166197,0.18,10.0
913242.978272968,10.0,0.98,14.14265854063725,0.0702384037566184,0.2646711492327882,0.7557325516064034,2.6357488409966705,5.834253374548421,2.0779661836650307,1.4519131804216272,1.4049306508668735,5.380483150057028,5.031620657156888,5,10.976704865501832,0.135,10.0
651661.9057348538,10.0,0.98,15.223404238261278,0.1170916357645177,0.6216776234238761,0.9973019232924252,0.819042876337557,0.7887437536002853,1.2358103886445118,4.235245575850526,1.5992753374732658,5.848806018906365,1.0302708838807155,5,11.90911537515507,0.127,10.0
674493.912959238,10.0,0.98,11.051576118714138,0.0646117395649591,-0.0583078905455509,1.4811697574245863,2.7916888911820985,4.963816315061606,0.949177676872063,3.38707091828694,1.181424434258596,4.391418038919659,0.384473573167305,5,29.29268948979402,1.63,10.0
797263.1613940116,10.0,0.98,13.585694955645206,0.1218037140685844,-0.2536456127121831,0.4535873940272582,1.820052853933662,3.7369747240022,2.116161377302865,6.205683330045312,3.740078078495044,0.8300143427880983,0.6270001740519655,5,29.144791070875247,0.136,10.0
645082.0167844638,10.0,0.98,14.209078522908095,0.0886857265748588,-0.8109091661414087,0.9651348168903529,1.8345165135277224,3.1316109708411783,1.58550263880687,4.753056280957381,1.5019344660911116,4.530597028623974,0.2260746606451135,5,16.53703165467777,0.201,10.0
852592.9303262611,10.0,0.98,12.662038053966924,0.1065744810565987,0.1447645002269555,0.4768859428862485,0.7484801946066035,1.339613956937323,1.0679850086302674,2.330863743218249,0.5585771831748546,5.50503840251103,5.228778734330568,5,30.3508761400916,0.216,10.0
546909.7243512785,10.0,0.98,13.866957996124317,0.0693766581166975,-0.9678001984191368,0.9544690768165264,1.6886372211382707,0.0790752751048409,0.2029013386967227,2.994188361970369,0.6192956190096492,2.924290834873489,0.0031733456203246,5,25.05399944562072,0.298,10.0
575392.4590220421,10.0,0.98,14.947351179241014,0.1707518667717964,0.5755941285875199,1.2625310826252605,1.1796980631064402,5.98653360061818,0.6756690230066762,5.295573180723974,5.367980960335452,0.9070652314910458,3.3989709424952705,5,13.796006813355213,1.061,10.0
580847.7993042343,10.0,0.98,14.97189017860196,0.1252921885017931,0.9600148025602836,0.4383590898636395,2.040828709147541,5.975623686644679,2.3117702592615204,3.052158002209475,4.658944065729305,2.491883309350435,2.446873512822539,5,27.44010904853479,0.124,10.0
819412.811936897,10.0,0.98,15.143378793520595,0.1046005326868488,-0.8756375031898029,1.1781595875236597,1.3948950380537872,4.15620642105179,1.5161873785279552,2.535557070377634,5.593135225785614,5.707082092013169,3.722496884593181,5,5.506000308203219,0.123,10.0
682849.2727819156,10.0,0.98,15.581054025417515,0.1131824313019563,0.0126779061450257,1.2910123768975048,1.3784345950207375,3.4713515473198853,2.4737691535469546,0.5343606172559714,2.962990775737843,2.5760848616540897,2.2439834939339987,5,7.052482518610098,2.157,10.0
807294.0552070808,10.0,0.98,15.358890567344666,0.0934774172096577,-0.1406799366553861,1.4510595573971476,2.0159594926936646,4.057718073283556,1.2191620331316777,0.6325802610503022,0.2238997728167343,4.102066950547249,3.564770631371492,5,3.3347621975464152,0.226,10.0
640588.983096244,10.0,0.98,14.892136199519353,0.1778786664653575,0.7387640850187585,1.2319967204974285,1.6429437962723894,4.997415483638594,0.8834112699874055,6.129014898110086,1.7948451900947358,4.364457782932784,4.613095966488876,5,10.647759189866594,0.126,10.0
372507.0781319816,10.0,0.98,15.387280013064087,0.0816478385015393,-0.9959332521713772,1.2749300800254089,1.686948713410231,5.176996874102858,1.3249866969540394,4.201171313717008,3.7733193306037673,4.09172928006035,4.536156188587516,5,31.7805512326426,0.342,10.0
822255.7046597196,10.0,0.98,15.157320959083911,0.134250428834351,-0.9506140104825788,0.9318397161063794,1.5328025652288708,0.3814380468316625,1.8177398911309115,1.1926244326920474,1.744910360606627,4.3301727878605005,3.371297910839707,5,10.241217762073465,0.115,10.0
426195.48331973713,10.0,0.98,14.98057281726421,0.142623385052741,-0.1803668729474095,1.2581876111270462,1.5252176448897574,3.6369761574246766,1.210715628071536,3.1196961222316872,5.25454654402043,0.1531670350855872,1.288324825019363,5,18.178657416801915,0.229,10.0
848682.0819908851,10.0,0.98,11.116336593089272,0.1248494801216056,-0.6775515473450844,1.4181775686606757,2.1282560276393543,4.022488767851626,2.7329808842766266,1.4576173538803232,4.202228157405099,3.88582700705634,5.939416959609971,5,25.30633938657291,0.189,10.0
496586.6422740611,10.0,0.98,14.083814194665234,0.113729938899006,-0.264142339493062,1.2194634198394836,1.7913341329596826,0.8944024857258713,1.7442563612868405,3.4326786751601333,5.136891997000506,3.764273274726717,5.05785086787171,5,20.925567710687105,0.17,10.0
668015.0096071563,10.0,0.98,12.628273422985483,0.1404139520607378,-0.4525849547284517,1.195423329637315,2.124908374735426,6.229027742830104,2.0500973487107843,4.216293047876429,2.8664931945065715,3.491942121484899,4.9833977295403,5,22.931986945667337,0.147,10.0
856112.8295531331,10.0,0.98,13.691854851222333,0.1700132673678998,-0.8550286123028008,1.0084536917426472,1.93731425809355,2.187067727594039,0.682572983030338,5.640715547511479,2.920510718348973,1.5282627597314256,0.9360616840317708,5,14.839653417726671,0.11,10.0
672798.3327210096,10.0,0.98,14.676870510027326,0.0691705848815028,0.0434402066621475,0.4323646553757936,1.217557751919214,5.747939779475729,2.247236096403163,3.2889289886255284,5.412615523224494,1.305785341121414,4.804678159175763,5,26.56180039820196,0.597,10.0
984437.4665880852,10.0,0.98,15.283768367873716,0.1825979907399327,-0.4455805737166134,0.6881364175270852,2.4628441652883177,2.5916885483128604,2.996133001114224,0.101955338967087,5.808787705507148,2.91772602535572,0.7227359714157772,5,6.259466782049352,0.097,10.0
839910.8474750072,10.0,0.98,11.153960896207758,0.078756058928947,0.2748469391215815,0.8617414147325,0.799714418313793,0.1293237253676042,0.9147530225786492,0.3332096836151154,0.045570625357339,2.6454698141116006,5.441246810042284,5,22.2777078825504,0.171,10.0
944922.190594631,10.0,0.98,11.30324811846044,0.0849646340796251,0.8535671950276258,1.397672660537716,0.7958941250051624,3.1724206004389868,1.399663784206646,5.403653101871109,1.9873681028334729,6.196386150396514,4.57748050548461,5,10.367069128747923,0.184,10.0
260891.4566410039,10.0,0.98,15.121398544878184,0.0974253037528781,0.6325388282962767,1.387082804235688,2.8947352208220805,1.3079588790654813,1.4242446385659009,3.320386738511584,4.914723776773077,3.7894105069557,1.2087529353157176,5,30.58791759651817,0.763,10.0
659956.669461483,10.0,0.98,13.386612058032624,0.1143435460350724,-0.0343389223440047,0.7611383134715235,1.8651307209355523,1.7166017977960168,1.4244214521209306,4.631575860988857,2.2578857073514373,4.623279915753856,5.58511500585231,5,15.668651769511182,1.375,10.0
658225.2949509308,10.0,0.98,13.71552161638925,0.0559038625741529,0.438126273598403,0.7674504963597674,1.6634720006909294,3.368457018589392,1.5081433481354114,2.8259236225052105,0.8289921398258427,0.9580249866776712,3.747916195220923,5,22.06397051493592,0.181,10.0
822357.678884054,10.0,0.98,14.42552149278188,0.1519384588596957,0.1612184275193027,0.5016539160480786,1.2426339567115483,3.0640348563820647,3.0342698719703147,4.754736740520334,0.3620992028139688,3.908514214731244,3.604531268414564,5,21.79909645301545,0.141,10.0
524944.9025181741,10.0,0.98,13.056996380958228,0.1466877733890754,0.1175287905933708,1.2797746269216477,0.4424396881025955,2.713750813878478,1.1781633428262035,2.089577581414713,4.736664227763116,4.358060455922955,4.712513968903043,5,23.918653831683272,0.303,10.0
716386.8560981727,10.0,0.98,14.32192364634299,0.1555836087517422,0.1210152762477134,1.3895567698327451,1.66929759427155,2.391776717079241,0.8930959375229512,5.4718482606419245,2.073051166968357,1.9481757615755169,4.560938302983263,5,8.010364338981457,0.195,10.0
816211.6488782421,10.0,0.98,12.388107223994126,0.1385096656721741,-0.1400361528528171,1.2277452534393345,1.9202998933880613,4.16512181021008,1.2802207997102777,1.005442303493815,2.67419033383574,2.024109271021661,5.849849975001089,5,8.961357180245914,0.251,10.0
554594.006430406,10.0,0.98,15.614762532308616,0.1130041437726079,-0.646069181265247,1.267868505566978,1.5466744844310591,2.123516619636295,0.9290181747001626,0.4608679242585993,1.82019595826207,4.1341367276654415,2.166357678184801,5,12.54624652817074,0.161,10.0
546120.3441677149,10.0,0.98,14.053115383606835,0.0940578164312785,-0.7477029613385602,0.8272726281537806,1.3271162933862384,4.370941528042606,0.1108378575984888,0.4513915535033159,1.205502333996149,1.7528853071029633,5.289728238182125,5,30.033246121466,0.2,10.0
856514.314309269,10.0,0.98,15.475886466709596,0.1191844950951386,0.0083465210706847,0.8912535741913764,1.9468157828219128,0.7988151252358471,2.6076163371444494,5.479477592452798,3.139640677625726,5.130960430789382,0.3608356231093478,5,8.484881272516736,3.984,10.0
831699.1975554103,10.0,0.98,15.05596505449742,0.1628627180839278,0.1173163576912776,0.5338258725913418,0.6795991991577507,4.193005755010018,1.06948812551315,2.777545356714751,4.407945228379103,2.516515614942662,3.574227500195469,5,15.212236270636408,0.223,10.0
989050.1424151254,10.0,0.98,13.72680774150934,0.1315528835866294,-0.2043324844021707,0.5177710421233036,2.1132226637166167,3.347015351126132,2.5534217562753607,2.490656668813224,5.50266787322568,2.8412310385408217,5.695637194819407,5,12.862456575660778,0.112,10.0
588679.9772774476,10.0,0.98,15.650396042349055,0.12331821938249923,-0.036459188604104575,1.3555355331938255,0.6726930402935338,0.794724822608988,1.0585969610574903,2.7027952278250114,1.3902622235741635,4.200294475129413,4.239022023181858,5,10.163846705718688,1.161,10.0
