event_idx,influence_2D,influence_1D,rank
0,0.00011026821977055956,0.00010650321090066583,707
1,0.00031264139591336004,0.0002806166779776298,83
2,2.3965397530134602e-05,3.506147541587623e-05,944
3,2.6572307732841693e-05,3.725166804124935e-05,941
4,8.9670622210547e-05,8.41978427889023e-05,767
5,-0.0005568755060432196,-0.0004843414870072671,1518
6,0.0003429036014015452,0.00030888635605264003,28
7,0.00018264402389644996,0.00016648036133815047,503
8,0.00021907361599227126,0.00019693721800595476,374
9,-0.0001514828807877011,-0.0001257935417580125,1201
10,-0.0002495093716052832,-0.00021596667789691715,1281
11,0.00021043596057468417,0.00018961291493979626,412
12,5.739320971565043e-05,5.562655923152526e-05,854
13,-0.0003677077457853173,-0.00030051275534026534,1372
14,-0.00010862886455209608,-8.023019299852052e-05,1146
15,0.00028815104752233367,0.00025804054056921544,137
16,0.00031316508121514985,0.00028029108227578536,81
17,0.00023342117187119538,0.00021048082630192866,317
18,-0.00047305271316588904,-0.000449973787385205,1461
19,0.0002608595394890667,0.000233961117355741,212
20,0.00020475787229135012,0.00018351144490724725,430
21,-0.0003410361557677488,-0.00017457510902352258,1339
22,0.00015148608395487706,0.00014054921493544814,591
23,-0.0005931693209901834,-0.0005190541241353319,1536
24,0.0001477206197788572,0.00013757127016189585,600
25,0.00030135971635780745,0.00027100925673295695,107
26,0.00029086052005800056,0.00026057200309770323,128
27,-6.464280230966679e-05,-4.205574012605684e-05,1099
28,-0.0005020531956210217,-0.0004923201136325384,1486
29,7.890259209808459e-05,7.70471590696431e-05,792
30,0.00011940673595578488,0.00011050584422744869,681
31,0.00013061462442931493,0.00012121651727436955,645
32,6.585932675418071e-05,7.040795180535131e-05,827
33,-2.591873676849321e-05,-1.5807728674599453e-05,1044
34,-4.010964900880154e-05,-3.0069126907728005e-05,1065
35,-8.258375607839152e-05,-5.781616342115381e-05,1120
36,0.00020967237506952507,0.000189074064309791,414
37,0.00023489770093854112,0.00021092274797496202,311
38,-8.604145584789613e-05,-6.864948541240867e-05,1129
39,0.00032874342876731966,0.00029544163756534125,51
40,0.00028098167440493427,0.0002528712328982996,158
41,0.00023389161313303042,0.0002100433662723944,314
42,0.0002610101627096295,0.00023450490384469003,210
43,-0.0004838709308593314,-0.00045137364231551125,1475
44,-0.00046836357442803234,-0.00044515151558133237,1455
45,-9.878404416874265e-05,-7.933442383345479e-05,1139
46,0.0005318541648164921,5.1599295301629766e-05,3
47,6.0392212922200095e-05,5.939431886525792e-05,846
48,-7.147219797176696e-05,-4.803509600648237e-05,1107
49,0.0003272253900207245,0.0002932692429858941,57
50,-0.0004939260830927328,-0.00045797308691053473,1482
51,-1.5536716376773896e-05,-5.664106436986671e-06,1029
52,9.95005802867377e-05,9.802165746264357e-05,740
53,0.00023152483437394178,0.00020805835107462478,324
54,-0.00038591962089906673,-0.00035522868601822744,1384
55,0.00036788108352492355,0.00033190484685663435,10
56,0.00025214668389816897,0.00022659110929190707,248
57,0.00019868106944986863,0.0001797497105632262,452
58,-0.00011643909238723271,-9.595745038071257e-05,1154
59,-0.00044211936501481475,-0.0003868628047061229,1428
60,0.00014795657993837974,0.0001356892535225862,598
61,0.00013229639510292657,0.00012483582763378465,640
62,-0.00014474210547510413,-0.00011925292665582177,1188
63,0.00032287040090606123,0.000292365700950703,62
64,4.382179206008363e-05,4.417865058481407e-05,897
65,0.00019004058355653886,0.00016988183311594796,480
66,0.00013190038638899448,0.00011957707482390667,642
67,-0.00023422798032357584,-0.00019977585955543997,1272
68,0.00018860460725977912,0.00017131863380137613,487
69,9.937037111606983e-06,1.8683831113919247e-05,978
70,-0.00017994089023820603,-0.00015250846628600545,1237
71,0.00024171625327729096,0.00021599594293686408,284
72,4.0432008017510235e-05,4.891659018346761e-05,906
73,0.0002007493525366666,0.00018016028614331603,445
74,-0.00016818743671032088,-0.00014172389463951163,1220
75,-0.00012156936719143197,-0.00010010378324010194,1159
76,-0.0004771816030987308,-0.00046421886701941695,1467
77,-0.00011621523348781526,-9.476323709745049e-05,1153
78,-0.0004111029580726733,-0.00036487538132012887,1401
79,0.00012197993255136375,0.00011208907221249564,667
80,0.000285982206043367,0.00025627145816464747,144
81,-1.1717739824335105e-05,-6.890422917793515e-07,1022
82,0.00011231749083429055,0.00010839061919598603,702
83,2.887906810300489e-05,3.372890322372868e-05,936
84,-0.00043130381289135933,-0.0004002565239652478,1421
85,8.131820767820486e-05,7.789160772697645e-05,787
86,9.224800738538708e-05,8.845177227523315e-05,761
87,-7.567801297836407e-05,-5.17497599477057e-05,1112
88,0.00013310421563894614,0.00012244632920233034,636
89,3.953944978363211e-05,4.0861593537999674e-05,908
90,0.0002922347109932666,0.0002623442930802522,125
91,0.00029663518151989976,0.00026699786639416967,116
92,0.00020988843688052317,0.00018897904630021944,413
93,-0.0006337425621668613,-0.0005131600924173085,1551
94,0.0005607951773091147,-1.1056227886885317e-05,2
95,-0.00016510740232666965,-0.00013818736482484884,1216
96,-0.00031228528871174444,-0.000299604009187715,1319
97,0.00012189561062159182,0.00011273463570293796,669
98,-0.00031901872785855545,-0.0003879672105021603,1326
99,0.00028992653065618157,0.00025970923734330853,130
100,-0.00012593758535217603,-0.00010419307133635591,1163
101,-7.365381052815145e-05,-5.7384305221175325e-05,1108
102,5.266429538486328e-05,5.1136948931329584e-05,870
103,0.00025728925966927996,0.00023126994047895089,226
104,-0.0005364489634435143,-0.0004851528870832844,1508
105,-0.000560494665370892,-0.0005337367734321585,1521
106,9.703214424194861e-05,9.566504370861484e-05,748
107,-0.00041989000863595916,-0.00029576049985124975,1408
108,3.608767243468147e-05,4.540663229590791e-05,920
109,-8.510444054310451e-05,-6.485607100936708e-05,1127
110,-3.771919652117983e-05,-1.8394647054997826e-05,1061
111,0.0003224808015276359,0.0002889611450265228,64
112,-0.00027364372509752766,-0.0004743863890322997,1299
113,-0.0005104494804436532,-0.0005083835012161808,1491
114,-0.00031620086395645064,-0.00039598105237315107,1322
115,0.0002708899894924288,0.00024274879890118228,186
116,0.00017801658367300188,0.00016245098316824969,518
117,0.0002993969790392459,0.00027422634450113836,111
118,-0.0005554395446449867,-0.0005085512177736007,1516
119,-8.17783929202287e-05,-5.702373925198234e-05,1118
120,0.00018637735080662132,0.00016969425607549216,494
121,0.00015839815200568985,0.0001446055523394163,567
122,0.00017773273135879286,0.00016189305189895364,520
123,0.0001933712715597169,0.0001757698316658951,472
124,0.0002475453185580845,0.00022245736388804005,260
125,-0.0006856368657024436,-0.0002881686007861761,1565
126,-0.00023042740140566398,-0.00020485222536148484,1268
127,0.0001163545763238627,0.00010582204067888235,689
128,-2.048997313230938e-05,-0.00021635417919774191,1036
129,0.00019558186010992795,0.00017620063276180264,462
130,8.874834882299787e-05,8.453583154999222e-05,769
131,-1.5207901064906437e-05,-0.0001485539241257161,1027
132,-0.0004484238847307642,-0.0004471167943441712,1437
133,5.686484212719112e-05,6.265646925940338e-05,857
134,0.00030336829571231405,0.0002733992171387589,99
135,-0.0004485005492796956,-0.000300809773120414,1438
136,3.926439524704062e-05,3.99134811104318e-05,910
137,8.155114185837142e-06,1.29325325199936e-05,984
138,-0.00025461238528368124,-0.00021845820174815067,1286
139,0.0001478242457279011,0.00013761477048768178,599
140,0.00020635719859196655,0.0001861695622604742,424
141,0.0002396104645714381,0.00021673208723382853,292
142,0.00024881987556713003,0.00022315625035829179,255
143,4.831478057520933e-06,9.610415352634405e-06,993
144,0.00011439271120528005,0.00011031494859115032,695
145,-0.00014753622446783687,-0.00012207076304326936,1195
146,5.603505323048541e-05,6.187575956928537e-05,858
147,0.0002775539595476495,0.00024914092930894416,163
148,0.0003048332791416586,0.00027238598187595553,98
149,0.0002979035379638839,0.0002668573515259842,115
150,-9.868416163127947e-07,1.0185399397788508e-05,1003
151,-0.00012138903532465939,-8.968869260861378e-05,1158
152,5.2136634980048946e-05,5.280726394663038e-05,876
153,0.0001994075297718778,0.00018040045190870213,450
154,0.0002567828466215616,0.0002313106983572455,233
155,3.05946984662242e-05,4.073269171078753e-05,933
156,-4.6428835502432264e-05,-2.6336923365843923e-05,1076
157,4.1776278070893014e-05,5.0075922347403434e-05,901
158,0.0003852745652646039,5.586075357377762e-05,8
159,-0.00045344808290459504,-0.0004322057039901628,1442
160,0.0004000450566892244,0.0003592730250494558,6
161,0.0003325578592291434,0.0002992013461160514,45
162,7.630715844386682e-05,7.906813492286613e-05,801
163,-0.00035683056380886313,-0.0003116063098975719,1361
164,2.2864246062459515e-05,2.609678966936091e-05,949
165,-0.00042124190330927735,-0.0003967568315447201,1410
166,0.00019254390109435526,0.00017466157239309776,473
167,0.0001286857264475305,0.00012183742392368746,656
168,-0.0003841362151764116,-0.00034366522256545906,1381
169,-0.0006364850828488589,-4.342641202448316e-05,1552
170,5.8576197562443255e-05,5.7835389827842754e-05,851
171,-0.0006221300842272903,-0.0006491491985031184,1547
172,0.0004726212182755152,-1.1948458713773036e-05,4
173,-0.0003842149031685338,-0.00034020918780064413,1382
174,0.0002524368650935749,0.000226915228418334,246
175,-0.00047628492501516906,-0.0004131473452986256,1466
176,-0.000351705838994798,-0.00031140883033931033,1354
177,0.00034600826957664754,0.00031020446198626317,24
178,0.0002530880181871309,0.0002264982721756903,245
179,6.28937975668542e-05,6.183325509656612e-05,839
180,0.0001758894795974575,0.00016017567419579493,526
181,0.00026475408342763185,0.00023726611486418747,202
182,0.00021483624132212498,0.00019331898071350828,397
183,0.00013797991845765356,0.0001271398112039357,625
184,6.50801366441911e-06,-0.0005278993747531713,987
185,-0.0003189272512147401,-0.00029566998717822646,1325
186,0.00014145154269584737,0.00012887520189774904,615
187,3.77721502156092e-05,-0.00012607858590052423,913
188,-0.00017737466252920608,-0.00014926135491466486,1230
189,-0.00045983549332018203,-0.00044624814766280885,1448
190,0.00036519137037982485,0.0003294546408012522,11
191,0.00011574897583566113,0.00011150994027253613,692
192,0.00011495807898553867,0.00011056524518193722,693
193,0.0002258677886346483,0.0002025949349401257,350
194,-0.000536416493820302,-0.0005152438575307672,1507
195,-1.0255714497975355e-05,-4.148628437006252e-06,1021
196,-0.0005122741968305311,-0.0004699454906358369,1493
197,-9.587903906793649e-05,-7.722616005023664e-05,1138
198,1.2844256059296733e-05,2.5382838929721707e-05,968
199,2.4631892356130614e-05,3.558272682557817e-05,942
200,-3.1997333812872064e-05,-2.1235124314844533e-05,1053
201,0.0004011215089647635,1.371209400191642e-05,5
202,-0.0001400744647380714,-0.0001161790477635094,1181
203,0.0003462073477218386,0.0003105460615616673,23
204,0.00022887750260847106,0.000205490435715161,335
205,-0.0003567679963645265,-0.00031975453233601403,1360
206,3.315378923585133e-05,3.431798017694554e-05,927
207,-0.0001238813737546307,-0.00010183085256554314,1160
208,8.450011627836318e-05,8.55427246655438e-05,777
209,5.522872178631566e-05,5.51941668478495e-05,860
210,0.0003330475881908601,0.00029914765703187296,43
211,-0.0005993746840209369,-0.0006202422115219042,1541
212,0.00023842078609948025,0.0002140003695286774,298
213,0.00015730509439038087,0.0001432108489166639,570
214,0.00014979012470295316,0.00013652643239825402,595
215,0.00032074040589613606,0.00028770968555313914,67
216,0.00026185453217053567,0.0002350493172728063,209
217,-0.00042099892574798403,-0.0003955854566246586,1409
218,-0.0005622531371156647,-0.0005156120597081815,1524
219,1.8748904407117628e-05,2.210622142773122e-05,955
220,0.00021297697858546627,0.00019206485124056982,405
221,-6.0579829382123584e-05,-4.660645288334653e-05,1094
222,-0.00014931497695747087,-0.00012620109063476992,1196
223,-0.0004600460272107254,-0.00039952392926223546,1450
224,0.00026840403998684703,0.00024203305077885595,192
225,0.00031528147823445263,0.0002836896242747189,78
226,0.00022110115377294015,0.00019880599514920938,371
227,9.906753382260547e-05,9.750758310878016e-05,741
228,0.00015662922751136232,0.0001437267316021229,573
229,-0.00039258366381000886,-0.0003615499841485015,1390
230,-2.2180474568145314e-05,-1.3461332460495967e-05,1038
231,-0.00033264738052618537,-0.00031769179912100043,1335
232,-7.2077909949452845e-06,8.072663295166649e-06,1016
233,0.00026524604542743635,0.00023837751444943933,199
234,0.00014520211284407836,0.00013308738803718967,607
235,0.00019530332626915836,0.00017658953242438713,464
236,0.00019149984698674238,0.00017311040324807792,476
237,3.860914080633382e-05,3.993110209798978e-05,912
238,0.00014103442873814043,0.000128012131794919,618
239,-0.00020569013210613996,-0.00017685057592042863,1251
240,-0.00020192437830768295,-0.00017337839236153396,1248
241,7.909740068556825e-05,7.413112110066233e-05,790
242,-0.00028479369538059185,-0.0002447846454115554,1303
243,4.337776543661409e-05,4.3679621735015495e-05,899
244,5.296225988504766e-05,5.338097206353254e-05,869
245,0.0002212620998196524,0.0001992968028686759,368
246,-0.00024713430894907074,-0.00021169251130237488,1277
247,0.0003436901443992779,0.00030886965425469537,26
248,-0.00035959404218544044,-0.00048613499368532764,1362
249,-0.000595939725837491,-0.000534270239533674,1538
250,0.00013350175463744396,0.00012139892750984149,634
251,-0.00022102540483437405,-0.0003149426025449431,1262
252,0.0003206044737952274,0.00028844114864257087,68
253,0.0003205807261529303,0.0002868771628392608,69
254,9.148977883755016e-05,8.567106189583118e-05,762
255,1.7765426398419493e-05,2.4147191381662658e-05,958
256,-0.00013893995229141698,-0.00010353699300902353,1179
257,-0.0005005197776503101,-0.0004772061298744523,1485
258,9.473015450012223e-05,9.424494238352565e-05,752
259,-4.1119376580578404e-05,-2.1385725201272798e-05,1066
260,0.00017622050588261828,0.000159450222289359,525
261,-2.297843725873605e-05,-5.69207299649932e-06,1039
262,0.00020725491118267492,0.0001872068255168724,421
263,0.00033897164364882215,0.00030867834941961103,35
264,-0.00024780505253207963,-0.00021279817626917996,1279
265,0.0001996011731691949,0.00018063493630859906,449
266,8.730862393901972e-05,8.311496725676992e-05,772
267,-0.0006802383087438635,-0.000593705865117311,1561
268,8.348769178445625e-05,8.228987454494963e-05,781
269,0.0001576113473318319,0.00014386822991241388,569
270,-0.0010681346753322885,-0.0009462979792230763,1584
271,-0.00042646716812499985,-0.0004551337661772292,1416
272,5.250010486279599e-05,5.2416248202735716e-05,872
273,-6.0861049206439866e-05,-3.8671684742475065e-05,1095
274,-0.0006422548269980899,-0.0005057759471982504,1554
275,0.00013942933219013298,0.00013054911710141948,620
276,-0.000762123981724594,-0.0006440173037219887,1575
277,-0.00014257400214157112,-0.00011931627039496462,1184
278,0.0001378922174974928,0.0001294091759601601,628
279,1.550327896160386e-05,1.8594953676731585e-05,965
280,-0.0004576040255360736,-0.0003902494724226102,1444
281,0.00028825115198027884,0.0002597119119733815,135
282,-0.00017847385226976709,-0.00014933712432596558,1232
283,-0.0002157520680063918,-0.00018957178640133243,1255
284,5.223133884246778e-05,5.887788018021922e-05,873
285,1.0027353633201841e-05,2.2740560775003082e-05,977
286,0.00019794228185177065,0.00017949169546238597,454
287,0.00021803977221557247,0.00019608609428589663,383
288,0.00012474263631878646,0.00011543073287501038,664
289,-0.0005798826355992714,-0.00041652534196834345,1532
290,-0.000566667114996755,-0.000544966000482705,1527
291,3.570444363398817e-05,4.502625877877975e-05,921
292,0.00015720389188100814,-7.477152526524922e-05,571
293,-0.00040614160526142307,-0.0003760637157885771,1398
294,0.00023192154138762522,-0.00015226781790478316,322
295,5.297631125267266e-05,5.2858219395046646e-05,868
296,-5.88818445359518e-05,-3.6988573033469585e-05,1091
297,-4.187943524303073e-05,-6.278801142722834e-05,1069
298,-0.001373238357711748,-0.001226138198229032,1587
299,0.00022307544981303717,0.0002008532638801963,361
300,-0.00024885418655817837,-0.000224984192868094,1280
301,0.0002739439410858191,0.0002459944278624393,173
302,-0.00021023592231617094,-0.0001689357389954571,1254
303,4.61046970631207e-05,4.7341165810288466e-05,892
304,0.00013379757446607687,0.00012246998534404252,633
305,-0.00017313061965773535,-0.000133895186170796,1226
306,-0.00023304299525583883,-6.110090396660439e-05,1271
307,0.00025874063866671015,0.00023204707279944614,222
308,0.00020335082585565267,0.00018311289769956662,436
309,0.00020014539976676016,0.00018110351322253582,447
310,0.00015353585199417985,0.00014062187242369628,581
311,0.00018768520094691876,0.0001705184571528795,490
312,0.00010551623711163582,0.00010323419224933517,719
313,0.00027341319954632404,0.00024636080020579154,175
314,0.00019491642600688586,0.0001754903209845171,465
315,0.00023707319237820101,0.00021234569693551197,303
316,0.00012144373422073862,0.00011132842524852471,672
317,0.0003178159031415051,0.0002848020869231638,74
318,0.00018308382022325098,0.0001655722155411432,501
319,0.00023365230596694708,0.0002101032348070797,316
320,0.0003392170184767229,0.00030458816496747865,34
321,0.0001511400803829721,0.00013992727629819068,592
322,7.550138080392177e-05,7.841956590148857e-05,803
323,6.286519761278253e-05,6.756064127366734e-05,840
324,0.00011729565566365174,0.00011167699466441139,687
325,0.00028696727989874216,0.0002590357518961195,141
326,0.0002856824967041316,0.0002559652173047544,148
327,0.00012667572767388613,0.00012021756802460537,658
328,6.934694144944409e-05,6.552471113474567e-05,817
329,0.00021795864404994258,0.0001966842827195725,384
330,7.342407867316769e-05,7.159953026580901e-05,810
331,0.00010187940492234482,0.00010018332776395855,734
332,0.00034277264218585124,0.0003070532765949707,29
333,0.00011809594487033337,0.00011024339317600163,685
334,-0.00013722992298959014,-0.00011365731132095824,1177
335,0.00023316095472791787,0.0002090575479356538,318
336,4.611798316689342e-05,5.3752164814624415e-05,891
337,0.0001599035291540707,0.00014688542487251155,563
338,0.00022537637052499893,0.0002015422682674073,351
339,0.00021470103417631226,0.00019344427232903527,398
340,-0.0004699001086342358,-0.00040100782381735645,1457
341,0.0002870358929620842,0.00025710194628503213,139
342,0.0001566496241452997,0.00014480940529237873,572
343,-5.8820991995500727e-05,-4.526844295726917e-05,1089
344,6.476422281853633e-05,6.338192197874459e-05,832
345,-0.00012919593039539823,-0.00010854687767569704,1169
346,-0.00010721612487507581,-8.734989760039724e-05,1145
347,-0.00022143568525689883,-0.00017971743144429286,1263
348,0.00023245680052808027,0.00020880479204998803,321
349,-0.0002916738811822306,-0.0002518182149519044,1304
350,0.00021418241426995888,0.00019261302004069947,400
351,0.000254323769557141,0.00022832312713594316,241
352,0.00019252634713473604,0.00017408581267408518,474
353,-9.026132038125745e-05,-7.272786608958359e-05,1135
354,5.02948036680273e-05,5.1136214724745166e-05,879
355,-8.452796675395557e-05,-6.810834939785515e-05,1126
356,0.0002370131814972698,0.00021274724577380333,304
357,0.00013810924016099957,0.00012629132545993738,624
358,0.0002857868506843664,0.0002569790832632757,147
359,-0.00038528039643315193,-0.00034732301858630965,1383
360,-0.00010633560472450565,-8.556556865901843e-05,1144
361,-0.0006203159584425855,-0.0006663280845076169,1546
362,0.00022344030866194853,0.00020054327745722134,359
363,4.1241990634488523e-05,4.378836448459822e-05,904
364,0.00018574390623626869,0.00016816723408330514,496
365,-0.00032975460106687837,-0.00030215157329571696,1333
366,0.00021864434630236573,0.00019751238627152556,378
367,0.00020957403019961074,0.00018932087962730826,415
368,-0.00014363369338921128,-0.00010746880684375792,1186
369,0.0003015814121493099,0.0002714443921766341,105
370,0.00026661216501733254,0.0002402610005058925,195
371,0.00013049589014679785,0.00012063489947089501,647
372,0.00018316298068099535,0.00016627262286594835,500
373,0.00035799320202523077,0.000322391297081448,13
374,0.00017277256737147084,0.00015752385501632826,534
375,0.0001912581640332034,0.00017437748790383178,477
376,-0.00045705585554722816,-0.00040995194932380574,1443
377,-0.00015255742307829223,-0.00012352870074516797,1202
378,-0.0004174131817528126,-0.00039897102359942593,1407
379,0.00014678363186448884,0.00013410983418704614,602
380,-0.00026484826165573683,-0.0002289835913269478,1294
381,-0.0005207951590368021,-0.000510527417587725,1498
382,0.0002467720473161572,0.00022165391044481897,263
383,-0.00043429677409667633,-0.0005131163002750627,1424
384,-0.0005710521965394122,-0.0005070635996254902,1530
385,-0.0004230597464285335,-0.00036987282942735344,1411
386,-0.0007654440512029348,-0.0006941615759745723,1576
387,0.00022037948519992856,-0.00017187795299788977,372
388,0.0003427613019530984,0.0003070163686429428,30
389,1.9218484037186734e-05,3.096788070633405e-05,954
390,-2.7068385051953747e-05,-9.110662285927162e-06,1046
391,9.359856377733067e-05,8.809899503303686e-05,757
392,-0.00014587347619121616,-0.00013236802389782198,1190
393,0.00011960725598914035,0.00011042173370734432,679
394,-5.170439818891204e-05,-4.0494309202387946e-05,1084
395,0.0002463285032157092,0.00022152673107855847,265
396,-0.0009632946382422958,-0.0009005196527683834,1582
397,0.00029124382882816935,0.0002611027429909596,127
398,2.3502997759661248e-05,2.688804999162464e-05,945
399,0.0001611381411982249,0.00014854441429579257,560
400,-0.0004428031546811484,-0.00043942921046580263,1429
401,6.104396343153962e-05,5.9329451532641464e-05,845
402,0.00022948015101265096,0.00020642281021676645,332
403,-0.0006014475219118243,-0.00044099910324968405,1542
404,7.416449536401526e-05,7.143384325836166e-05,807
405,0.0001776958363475245,0.00016109713883594168,521
406,-0.0005986812052650725,-0.0005543198120104842,1539
407,-0.00017816704360718028,-0.00015145567083407752,1231
408,1.9970568208349526e-05,-0.0004200653149186717,953
409,0.00019531328606547937,0.00017701909174305808,463
410,0.00012188321531492186,0.00011271392350298282,671
411,-4.378333341359397e-05,-3.2036154404280204e-05,1071
412,-0.00036707235697008844,-0.0003157302119427552,1371
413,0.0001289737122335266,0.00012196230391736673,654
414,0.0003262791961791134,0.00029196623244753805,59
415,0.00034592948588385575,0.00031205148414759076,25
416,0.00028590279513063255,0.0002563218034329351,146
417,0.00021693970378966476,0.0001951822384289592,389
418,0.0001891619490306251,0.00017181120015929974,483
419,-0.00015746477926703584,-0.0001313071582116354,1211
420,-0.0005330778225437482,-0.0004803418077338195,1506
421,0.00012060794323931479,0.00011543683058223841,676
422,0.00017076572702312554,0.00015660909447368088,540
423,0.0002859741055838416,0.0002566029077680776,145
424,0.00025988656327480264,0.000233442751345736,217
425,9.871511276404732e-05,9.235522420114606e-05,745
426,-0.00028336578331067397,-0.00025694223238181824,1302
427,-0.0002567652312387425,-0.0002206373680002649,1288
428,0.0001161979862960294,0.0001117203473895989,690
429,0.0003323347349358796,0.0003000038865210719,46
430,0.0002604799340288899,0.00023315723641159636,214
431,-0.0003608857816053135,-0.00032563575753519203,1365
432,-0.00021917959071882098,-0.0001865466457606768,1260
433,0.00022701733869923135,0.00020395222475666497,344
434,-0.0005425946149579808,-0.0005776909880691461,1510
435,-0.0006466478436204515,-0.0004329192938760107,1555
436,-0.0005059695078739601,-0.0004670072057183505,1488
437,0.00022152027582444944,0.00019968245845924937,366
438,-1.8464690848096765e-05,-1.6696989186826272e-06,1031
439,2.836157495522684e-07,6.663379857219098e-06,999
440,-0.00017111110624512538,-0.0001431246455314561,1222
441,0.00014350124095074968,0.00013148165781762255,610
442,-0.00034568160322734354,-0.000345940270152334,1347
443,5.2226174462211006e-05,5.905582741105864e-05,874
444,0.00021549993611713614,0.0001941131760143655,392
445,0.00020769995407676767,0.00018724096278888158,417
446,0.0002951330840461619,0.0002642662255788464,119
447,-0.0004901988260676005,-0.0004494849248402044,1480
448,0.000269495322252733,0.00024180703063603204,189
449,-0.0001474634800834318,-0.0001221463601371875,1194
450,-0.000267348004255874,-0.00023054266011790503,1295
451,0.0003159161908509178,0.0002825231360391589,76
452,0.00014492841243696208,0.0001350911381422515,608
453,0.00016726176220505096,0.000153032192525826,548
454,0.0002954024319854476,0.00026482333852106965,117
455,-0.0001057372319410721,-8.619115777441788e-05,1143
456,0.00024398177606899107,0.00021944592735334556,276
457,0.00025601945977293816,0.00022974088666183334,237
458,0.00015880569513160303,0.00014663989152263746,566
459,0.0001964145084190072,0.0001775907506915697,458
460,0.0002234570292046767,0.00020037877769807366,358
461,0.00024099211168371326,0.00021743607355884098,286
462,-5.928809844701899e-05,-4.501314341365248e-05,1092
463,4.827275382468521e-05,4.744136606305016e-05,884
464,0.00015523653094806633,0.00014371126052481475,579
465,-0.0001318834929617818,0.00033318258106995735,1171
466,-0.0005437389206136567,-0.0005103009102669365,1512
467,0.00024508264045919326,0.00021968837706709543,272
468,0.00024800538808600336,0.00022232541074873602,259
469,0.00024038930808822911,0.0002156708972835819,290
470,-8.451852319679709e-05,-5.943724811241502e-05,1125
471,0.0002271266620732515,0.00020374019608282445,343
472,-0.00017954727888680466,-0.0001538151183735348,1236
473,0.00013790870655383536,0.00012922126933723188,627
474,-0.0009488577732841286,-3.2691798674044925e-05,1581
475,-0.00015341986098971194,-0.00012905995005652038,1203
476,-0.000423696949400143,-0.0004965885384926594,1412
477,4.0063420713942755e-05,4.8462740918409075e-05,907
478,0.00015220928746517703,0.0001397399760580953,587
479,6.919896855428487e-05,7.289209171745803e-05,818
480,0.0002485890092608356,0.0002235203254531415,256
481,-0.00046003745528921947,-0.00048189299710210687,1449
482,7.897837278969533e-05,7.55295354945007e-05,791
483,0.0002475393773285761,0.0002222255901144221,261
484,0.0002869725415072244,0.0002565476428950664,140
485,1.2447976864948807e-05,1.77662482511165e-05,971
486,5.130721749124767e-06,1.343916675045076e-05,992
487,9.558820121546852e-06,2.2419978526033724e-05,981
488,0.00018912552516192616,0.00017138657175463923,484
489,0.00019615411206386213,0.00017784898640271773,459
490,-2.1149771884942936e-06,1.2062223464948119e-05,1006
491,8.1733861058364e-05,7.713738914172374e-05,784
492,0.0001173013077900853,0.00010923938624163299,686
493,0.00023544833816091515,0.0002114967883763974,310
494,-0.0008453681746709574,-0.000675687760800181,1580
495,-1.3274973606702822e-05,-6.549376998066236e-06,1023
496,2.990119896273402e-05,3.284349939736142e-05,935
497,0.0002713700271940178,0.00024281641039203272,184
498,-0.0006060388961537377,-0.0005428898796653314,1544
499,0.0001639855928970979,0.00015088466024981706,554
500,8.991615305242728e-05,8.558767294442049e-05,765
501,5.2183080766599055e-05,5.833424643286733e-05,875
502,7.794533644556179e-05,8.038193606452193e-05,794
503,9.969815484289768e-08,1.4408833914347774e-05,1000
504,-2.4659388688563766e-05,-1.4601854881335363e-05,1042
505,0.00032687391981944813,0.0002926736231175786,58
506,6.578209741237018e-05,6.484412762208791e-05,828
507,0.00012610940901058854,0.00011544967239363046,660
508,0.00019199973075412213,0.0001736109851547818,475
509,-0.00010090552982833234,-7.320198692073454e-05,1141
510,8.784033613717934e-05,8.400722040480257e-05,770
511,-0.0003714889034076574,-0.00035355404375136956,1375
512,9.322625396579465e-05,9.281639000913167e-05,759
513,0.0003000305858339436,0.000268702092944606,109
514,0.0002457018531730748,0.00022077643033924232,267
515,0.00018336028983423347,0.0001662154529349369,499
516,0.0002245942487979491,0.00020295420714433465,355
517,-0.00015740874882252953,-0.0001320471097276954,1210
518,6.775022221749971e-05,7.179242435950695e-05,821
519,-2.2799110425131275e-06,1.2417025329058973e-05,1007
520,0.00022984666767877915,0.00020732823538760492,330
521,2.8801706692949125e-05,3.900613011242893e-05,937
522,-0.00010336098312013764,-8.339081316022234e-05,1142
523,0.00026804736823915487,0.00024068941650678966,193
524,0.00023849839146961038,0.0002143726875424301,297
525,0.0002583037390486709,0.00023147194172878915,225
526,0.0001404351392393366,0.00013157809996422465,619
527,0.0002744767882033594,0.00024559808789015314,172
528,-7.608862601038435e-05,-6.001643101705145e-05,1114
529,8.542571334757554e-05,8.135155943822525e-05,774
530,-0.0006504567269967065,-0.0005618197341341613,1556
531,0.00017802919389997562,0.00016125556681700903,517
532,-5.079222548109996e-06,2.4227490871275847e-06,1013
533,8.387685866084738e-06,1.3447652122411391e-05,982
534,-0.0007727477237546854,-0.0004610036001524431,1577
535,0.00026095286457494815,0.00023417461440511378,211
536,0.00021875150934513865,0.00019717328596791095,376
537,-9.546160014817229e-05,-7.633934527750963e-05,1137
538,0.0003500339754171078,0.00031731678739044256,19
539,0.0003110806907065111,0.0002783704583328994,87
540,-6.870721228846577e-05,-4.555751378965134e-05,1106
541,0.00020237925356969555,0.00018214229706303708,439
542,0.00022859322701784812,0.00020593302576199513,338
543,6.357360125330835e-05,6.828333318054103e-05,835
544,-0.00022322892882697953,-0.00019446882233387086,1264
545,0.00024590274419145075,0.00021990329352028493,266
546,-0.00025815742680790343,-0.00022234243379370966,1289
547,-8.841706458206922e-06,6.600854499660969e-07,1020
548,0.00021288049494294636,0.00019179079710773816,406
549,0.0002989310680537871,0.00026806258348566203,112
550,0.00021837333027474592,0.00019577698897943474,381
551,0.00019337156890064655,0.00017444600027582968,471
552,-0.00012533853074092605,-0.00010327819833511054,1162
553,0.00022229991598687882,0.0002000828834167745,363
554,0.00026378005687599515,0.00023620642869237596,205
555,0.00010764062608825675,0.0001013618572209829,713
556,0.0002953993238925534,0.00026422536002568275,118
557,0.0002250177179425883,0.00020236306729115583,353
558,0.00019427961208462463,0.00017436557016237142,467
559,-0.00035967880222254056,-0.0004251617370967242,1363
560,-3.118978614924384e-05,-2.0090784697779362e-05,1051
561,0.0002632111348627175,0.0002376258802982978,207
562,0.00023481549791881662,0.00021052965494328113,312
563,0.00015552533055640527,0.0001439888296398406,578
564,0.000282336017484619,0.00025289470946698867,156
565,0.00021956042303417078,0.00019736045605189823,373
566,0.0002588344507781226,0.0002327752070920841,220
567,1.0101920417060484e-05,2.314804924075098e-05,976
568,0.00021634072391307768,0.00019390140231878572,391
569,-0.00014618406497257652,-0.0001244533988637997,1191
570,0.00027241801563970824,0.0002450098249661137,179
571,-0.00026283465209975265,-0.0002253522438437905,1293
572,0.00028669443020123975,0.0002576940071449263,142
573,-0.00025571679734837094,-0.00022095169496416656,1287
574,0.0003100969922871233,0.00027737867375665637,90
575,0.0003109933312588353,0.0002793963107186048,88
576,0.000601464954026687,0.00036474971232314246,1
577,0.00029450811237419217,0.00026651022963786186,122
578,0.00026664279738775054,0.00023866153038831772,194
579,0.00030676668256246487,0.00027558891596768387,95
580,-0.0001616969142684832,-0.0001351128150467451,1212
581,-8.208069213200275e-08,1.4303334018639369e-05,1001
582,0.00026343484447688414,0.00023751397596649682,206
583,6.077831575912462e-06,1.9484967894833893e-05,988
584,0.00013017765540757065,0.00012106362287633843,648
585,0.00015600737356913363,0.00014431114676072276,575
586,-0.0001565948516640825,-0.00011887970396395886,1207
587,-0.0004887261009866029,-0.00048242495224537496,1478
588,7.54687390652764e-05,7.245495353069842e-05,805
589,-0.00030862512198770453,-0.0002720394294520867,1317
590,9.359697180244542e-05,9.324985898917504e-05,758
591,-7.104817528857943e-06,-1.1913278797903715e-06,1015
592,1.675402825163097e-05,2.8741339385240927e-05,961
593,7.650813021664593e-05,7.323992104968369e-05,800
594,0.00012126445532412156,0.00011591150702350284,673
595,-6.491073895686927e-05,-4.9801668583815406e-05,1100
596,0.0001774431376716512,0.00016212781096314188,522
597,7.686241695747942e-05,7.522123654180035e-05,799
598,0.00030185202862109684,0.00027087438926598484,104
599,-0.0001572283794171181,-0.0001313482641824848,1209
600,0.0001867555733607862,0.00016971961923906154,492
601,-0.0005235031039041438,-0.0004311525406253125,1502
602,0.0002050008943002002,0.00018587693374083614,426
603,0.00010517976470336698,0.00010276111307738756,720
604,0.00023140731537496517,0.0002081221395831001,325
605,0.00033598195733297587,0.0003011740464278212,37
606,-0.0006859401732479675,-0.00047750019936343424,1566
607,0.0002264864567400604,0.00020486323916568683,346
608,-0.00014262403469222917,-0.00010700923147921593,1185
609,-0.00020266177878225378,-0.00017435422391642863,1249
610,-0.00012834812704731746,-0.00014580200438163438,1167
611,4.4273965155605666e-05,5.236203563785402e-05,896
612,-0.0006812678080999612,-0.000492165337418693,1563
613,0.00012970086458008456,0.00012255656730497666,650
614,0.0002583094288297616,0.0002321822777386906,224
615,0.0002153418073853608,0.00019344559932565897,394
616,0.00012189030561293723,0.00011297403127974448,670
617,7.231447747546582e-05,6.888615722511204e-05,813
618,0.00010202893650368416,9.440999881327183e-05,733
619,-0.0004802436035949986,-0.00047443906889432785,1472
620,-0.0004593007020807782,-0.0004122984129397711,1447
621,5.8002327151251976e-06,1.896683600977056e-05,989
622,9.882964503127312e-05,9.766858385773514e-05,744
623,0.00017495590851346332,0.00015986211144092266,528
624,-0.00011225827196637006,-8.715304764994602e-05,1149
625,-2.849378152403048e-05,-1.803462504590403e-05,1048
626,1.5601473483228823e-05,2.0468030769049683e-05,964
627,6.456445086233664e-05,6.216131908642897e-05,833
628,-5.296036461910347e-05,-3.177315020486127e-05,1085
629,0.00020435065116897189,0.00018451646388950582,432
630,0.00025148883275682987,0.00022476013547334528,251
631,6.877071864386242e-05,7.2763459212144e-05,819
632,0.00024101381032526348,0.0002171550917385856,285
633,-0.0004896324851189071,-0.0004614338229189663,1479
634,0.00035586791419839336,0.00031930350104869554,15
635,-2.6899682877612463e-05,-1.649068459796954e-05,1045
636,6.18138169913296e-05,6.701132286535127e-05,842
637,0.0002690773684933534,0.00024089350650391417,191
638,0.00014330287074615367,0.00013178132163882417,611
639,-5.8880145352824265e-05,-3.692682117639734e-05,1090
640,-0.000670833363966783,-0.0006885557578129031,1559
641,-0.00047002454559108564,-0.0004217263622244838,1458
642,0.0001964211125856652,0.00017835160531187721,457
643,-0.00017465057313459376,-0.0001478635887717239,1227
644,-8.706354363763324e-05,-6.19068993313876e-05,1131
645,3.6388123711206255e-05,3.5748732009954765e-05,917
646,-0.00016180459217962628,-0.00013539618953839483,1213
647,3.20263542942234e-05,4.19103937523424e-05,930
648,-8.311006682970579e-06,-1.3242517375999796e-06,1019
649,0.00021342484297504072,0.00019252065495178883,404
650,8.515147680110413e-05,8.64615321027884e-05,775
651,0.00013623785146954503,0.00012495859693772982,629
652,0.00026509990295353614,0.00023780063691947184,200
653,0.0003475012569751357,0.0003120623329870842,21
654,-0.0004286982922011573,-0.00043377017784684835,1420
655,0.0001893055008301836,0.00017237262450342516,482
656,-0.001094942542714361,-0.0009721126775904532,1585
657,0.00024566759105915104,0.00022056452479657374,268
658,-0.0004007192047770225,-0.00035048467987830456,1395
659,8.135869766312531e-05,8.329996354439206e-05,786
660,-3.93592062881698e-05,-2.7540223446864687e-05,1063
661,0.00023680798521030777,0.00021186520490201755,305
662,-0.00017188635228604365,-0.0001448661270011531,1223
663,0.0002408444009835975,0.0002163954384346578,287
664,0.00025698393327344693,0.00023040290557130305,230
665,-0.0003266740387606326,-0.000426357742946637,1332
666,-0.00041232023573645193,-0.0003841904158692344,1403
667,0.00022120945420300853,0.00019878991571398164,370
668,-0.0002182793604710298,-0.00019126584684292514,1259
669,-0.000291803063866114,-0.0002520256077593874,1305
670,0.0003298445590473875,0.0002971310395050164,47
671,5.385703585836232e-05,6.027775351424847e-05,867
672,0.00014749480012410388,0.00013564872248728044,601
673,-0.00033276519037239716,-0.0002961291300801472,1336
674,-3.1895694345585035e-05,-1.3436586529302907e-05,1052
675,0.00015234465974112155,0.00013907302958693357,586
676,-0.0003463575308274569,-0.0003113017876787971,1348
677,0.0003337897620613317,0.00030315796632995884,41
678,0.00014272969876716335,0.0001333388019810755,613
679,-8.405372167530345e-05,-6.714214755909609e-05,1122
680,0.00018002880773160257,0.00016412245374008982,513
681,-0.00034658191340752875,-0.00044758690738488927,1349
682,-0.000387058075829283,-0.00033824864654641296,1386
683,0.00010833213956051857,0.0001003701162575199,712
684,-8.086452859323856e-06,-1.777627441912344e-07,1017
685,-0.0005895596204271714,-0.0005011256694099631,1535
686,0.00021705439773533897,0.00019530015276181256,388
687,0.00015042960350875045,0.00013972757471181207,593
688,-0.00013855482463409619,-0.00011603344102328883,1178
689,0.00019443567525789796,0.0001760158555612623,466
690,0.0003328693340097777,0.0003005383825811503,44
691,-0.0002381112199029145,-0.00020256148908814886,1275
692,0.0001023866411270502,9.644547489340294e-05,732
693,8.745638603258055e-05,8.235814218937598e-05,771
694,-0.000522929346959744,-0.00046922074066402253,1500
695,4.5965166742711894e-05,4.690121206263331e-05,893
696,0.00034199958301384115,0.0003065510239237401,31
697,-5.3184675039785745e-05,0.00013046883966860712,1086
698,0.00021440643072856425,0.00019136687126031227,399
699,0.00013888170573328473,0.00013001352845576353,622
700,0.0001087699788340224,0.0001019558662909148,711
701,0.00017476760798373903,0.0001594008430833016,530
702,-0.00012662543124764003,-0.00010454908941404106,1164
703,-0.00047903377658486956,-0.00046962685050067066,1471
704,0.00023567158062198779,0.00021181827588234725,309
705,0.00017321150802074303,0.000156834148665963,533
706,0.0003055650908265761,0.0002753903126764268,97
707,1.4015899115094044e-05,1.6333780862964886e-05,967
708,-0.00016288152790278065,-0.00014208357063583144,1215
709,0.00014908307085803596,0.00013823232829890397,596
710,-0.000134050859289081,-0.00011096803275834066,1175
711,0.000163444124632095,-0.00028304708345827656,555
712,5.776778006405525e-05,5.676800405618465e-05,853
713,-0.00017250756902453812,-0.00014553767263658646,1225
714,-0.00013444431699594084,-0.00011240425541259036,1176
715,3.7748634186818286e-05,3.831003840937264e-05,914
716,-0.0007271287356034328,-0.0004484382656955166,1570
717,0.0002471752628141477,0.00022259720985218223,262
718,0.00010982205421350422,0.00010654538492760324,708
719,-0.0005380405976775915,-0.0004783492713298365,1509
720,9.778530616100234e-05,8.996644027725598e-05,746
721,0.0001413907266100134,0.00013227532037063394,617
722,-0.0003040891845820237,-0.00027412546772909163,1313
723,0.00023161133657201294,0.00020826521858874347,323
724,0.00035772068939698975,0.000322114032143217,14
725,-0.0005219541632024427,-0.00047258066686284295,1499
726,0.00019109081157309138,0.0001716870908283763,478
727,-0.00020179900418260122,-0.0001740836053201189,1247
728,0.0002047994409595244,0.00018438065373771462,429
729,-0.00012715175842326065,-0.0001050830394409008,1165
730,0.0002763745946774421,0.0002475292647887706,167
731,4.8991473499682137e-05,4.9347569380464584e-05,882
732,-8.566585296099216e-05,-6.0402063996711775e-05,1128
733,0.00023383958648393044,0.0002098246953484706,315
734,0.000212727108122035,0.00019128980590887856,407
735,0.00021638691329206594,0.00019475578209493527,390
736,0.00018967049725249208,0.00017136570998166345,481
737,0.0001333175385188623,0.00012223365648367235,635
738,0.00033470487114783953,0.00029996599499348964,39
739,0.000251548393160661,0.00022580084729795225,249
740,-0.00019923461241677654,-0.0001711541271035566,1244
741,1.2583548028466396e-05,1.8753942683469305e-05,969
742,0.00012472412195752014,0.00011871872398749872,665
743,-0.00011932565497629888,-9.328165236432984e-05,1157
744,0.00034776089808608024,-2.86075065367708e-05,20
745,0.00027699315823848103,0.0002485213106044881,166
746,4.8974701147841415e-05,4.869179798383527e-05,883
747,0.00014868662171918512,0.00013833915926808604,597
748,0.000323221667050122,0.00029271503181715897,61
749,1.8570423141794912e-05,2.2012060428511226e-05,956
750,-0.0003517908182611995,-0.0003082150872232292,1355
751,0.0001050321846615132,0.0001025822905774687,724
752,0.00010176915947790466,9.628506236014633e-05,735
753,-0.0006800556647794664,-0.0005222023343454119,1560
754,0.0002761413170893068,0.00024907209207480907,168
755,0.00016860350251768352,0.00015428975869435924,546
756,0.0001356783763860614,0.00012623533454125813,631
757,0.0002659739437939068,0.00023818594018720773,197
758,0.00027333975313736936,0.00024462389985480115,176
759,-0.0004590653710775383,-0.00041077110920284543,1446
760,0.00017343419718718334,0.0001569462366926011,532
761,-0.0006624567402926385,-0.0005140321653634983,1557
762,3.6225286984437055e-05,3.5619446460688486e-05,918
763,-0.00029634070670447876,-0.0002514325553777397,1308
764,-0.0003175551972200985,-0.0003851199763571511,1324
765,-0.0005625324570546208,-0.0006056632616155966,1525
766,0.00023895527350670243,0.00021642159014678697,295
767,0.00019073110027800766,0.00017209578757337862,479
768,0.00027744222514236583,0.0002498249881258685,164
769,-0.00014585084187535013,-0.00012140491615453275,1189
770,-0.00046065371703973845,-0.0004038891937879763,1452
771,0.0003289663157424183,0.0002949192952977908,48
772,0.0002984349789494356,0.000267340270927674,114
773,0.00012591240385784186,0.00011959165404717975,661
774,0.0002951213624986515,0.0002653316535471406,120
775,-0.0003423598122183069,-0.0003101825107566514,1343
776,9.614346000863527e-05,9.503056019788403e-05,750
777,6.814529517029655e-05,-0.00011095698180552116,820
778,-0.0005264242340856651,-0.000503382782433115,1503
779,0.0001349078699253159,0.00012703249405832118,632
780,-0.0002617109929476946,-0.00021303815080542243,1292
781,3.3164979868605116e-05,3.58487566898269e-05,926
782,0.00017794061008613582,0.00016213062930103828,519
783,0.00015651956047912918,0.00014227752598394705,574
784,-5.0295242814635266e-05,-3.68620409803011e-05,1080
785,-0.00034279559878480637,-0.00031114437007873086,1344
786,-0.0007157456086536174,-0.0002237367003290469,1569
787,-0.00039074023590990326,-0.0003910327414371473,1388
788,0.00017211468943900687,0.00015650821055912534,536
789,0.00024419262750152715,0.00021918808026388792,274
790,-0.0004394123591967558,-0.0003892111366587958,1426
791,0.0001936826048826168,0.0001744728278203489,469
792,3.4907508665527054e-05,3.587691575734908e-05,922
793,-4.496987407243136e-05,-3.192055640954816e-05,1074
794,-2.463468321522999e-05,-7.437090129736035e-06,1041
795,-0.000594780321252153,-0.0005304902758233032,1537
796,0.00026433559848404453,0.00023655015800261303,204
797,0.0003518449679743574,0.0003184647294377507,17
798,-8.408914741953044e-05,-6.634926163373578e-05,1123
799,0.0002861223583888739,0.0002563196056929451,143
800,7.061518976336778e-06,1.3355982457996518e-05,985
801,0.00021389677912753147,0.00019268173130027044,402
802,1.515006532826213e-05,1.908433570207979e-05,966
803,-5.406026405418984e-07,5.955208654540023e-06,1002
804,0.00018903114983825908,0.00017132222987226164,485
805,2.1179560996897884e-05,3.2582585940854614e-05,950
806,-8.444405755059226e-05,-6.81018106735154e-05,1124
807,1.0166338743289316e-05,1.529534884436856e-05,975
808,-0.00044565643924965315,-0.0003925334637301381,1432
809,8.477220704550259e-05,8.583214884860801e-05,776
810,-0.0004118939952413303,-0.00036639380485303796,1402
811,0.00016880202545888068,0.0001515343319677953,544
812,-0.00045295316854898626,-0.0003991847697626394,1441
813,0.00012060448791828549,0.00011503181061334189,677
814,3.482096864004802e-05,4.075861859931251e-05,924
815,0.00020059859164189842,0.00018085423956859525,446
816,9.685324259667283e-05,-0.00013197562951039465,749
817,-0.00013335701476591133,-9.909629779125684e-05,1174
818,0.0001467290277127331,0.00013449286512490222,603
819,0.00025723822799350593,0.00023060166174238006,227
820,4.158756786110107e-05,4.6584977351549206e-05,903
821,1.2342571044987594e-05,2.5006870908228507e-05,972
822,0.00023824796938154424,0.00021354351830815688,300
823,0.0001327912423186861,0.00012248143822257695,638
824,1.6271377154430944e-05,2.035261868382765e-05,962
825,0.0003286153642165779,0.0002956214166582871,52
826,0.00022465450608488702,0.00020194625621361428,354
827,-0.0004251933188292867,-0.00047864834532540534,1414
828,5.0370632897589473e-05,5.728109421165861e-05,878
829,-0.00016541680444481788,-0.0001404775855012863,1217
830,-0.00044780682627276747,0.0001224716922746394,1435
831,5.4409853395331886e-05,6.076485079431482e-05,865
832,3.2410919433623064e-05,3.505929792269047e-05,928
833,0.0003365093037659417,0.0003019502825371001,36
834,8.590575496736363e-05,8.704071412202197e-05,773
835,-8.182825414582151e-05,-6.526867731238006e-05,1119
836,-0.00039038416663450537,-0.0003749914867516857,1387
837,9.685893668343049e-06,2.2648147433468324e-05,980
838,0.0001016095269845696,9.999544318251008e-05,736
839,0.00028819250020939435,0.0002581052493331182,136
840,9.99712496366767e-05,9.418955876117074e-05,739
841,-0.00015146186326320255,-0.00012803770277158844,1200
842,6.108326373377437e-05,6.111476782566516e-05,844
843,-0.00033989715060833703,-0.0003016618871309884,1338
844,5.830194362577146e-05,6.408884762232336e-05,852
845,0.00032196259909322844,0.0002875533283250853,66
846,-0.00014653319454238645,-0.00012320979720004122,1193
847,0.00023002313820907894,0.00020713888313239615,328
848,-0.00037040632359097714,-0.00033124661412953227,1374
849,0.00013620201496034046,0.0001245020344050607,630
850,-6.505269423162652e-05,-4.2411681763554476e-05,1101
851,6.536954940683515e-05,6.268224400129974e-05,831
852,4.685828511585832e-05,4.695761363737727e-05,889
853,5.522743527275331e-06,1.9154057853021378e-05,991
854,0.00022357722641563882,0.00020198663466786115,357
855,-0.0005157396238443246,-0.000480467412385166,1495
856,0.00020591815472315034,0.0001868964792445249,425
857,0.00013299710614533833,0.00012297310067987954,637
858,0.0002139112896258899,0.00019271458288105947,401
859,0.00033594673382497664,0.0003008759345753953,38
860,0.00019983977746595993,0.00017957194259854425,448
861,0.00011409941908457899,0.00011010428781077497,696
862,3.7341973901927616e-07,8.686845697880585e-06,998
863,0.00020481138313521718,0.0001850560159817327,428
864,-5.810541703388239e-05,-4.566678579021044e-05,1088
865,-0.00013091291226607904,-0.00010971616408861351,1170
866,-0.000636951651339035,-0.000518914283608507,1553
867,-0.00046788549250287303,-0.00042336800196296487,1454
868,-0.0002719052035240477,-0.00023782761681956366,1298
869,0.00013794201175421072,0.0001258689916211475,626
870,-0.0004484019832330377,-0.0004720214546858337,1436
871,-0.00046288656307058584,-0.00042865962105909095,1453
872,0.0003103303087821363,0.0002802385907695326,89
873,0.0002718354676147783,0.00024389648462930236,180
874,0.0002887712286121502,0.00025901984244658394,134
875,0.00012478417436401212,0.00011526872749889616,663
876,8.302521778480454e-05,7.611990927181012e-05,783
877,-0.00029916108870897684,-0.00026146630085699396,1309
878,-0.0006647038481635281,-5.941140272625045e-05,1558
879,-2.841666833364176e-05,-1.6675337334404183e-05,1047
880,-0.00014463690438182297,-0.00012112836465849597,1187
881,0.00012326195671608087,0.00011432956083257118,666
882,-0.0005525048856191983,-0.0006215070383535082,1515
883,-8.726769725331263e-05,-0.00021362936291613455,1132
884,-0.000252769555211696,-0.00021857258931956558,1285
885,3.730875447294224e-05,4.151542430430588e-05,915
886,6.302682400205484e-05,6.759905080111483e-05,838
887,0.00022766466627854864,0.00020514647321501212,342
888,0.00032470963497321925,-1.4458162905683913e-05,60
889,-0.0016211569959637684,-0.0014710392718078058,1588
890,0.0002647810234160941,0.00023749899222103021,201
891,0.00010295146264405197,9.667195546303464e-05,730
892,-8.797396612236774e-05,-7.154138782894393e-05,1134
893,-1.9819937862375347e-05,-2.922740481969832e-06,1033
894,5.4572174987499444e-05,6.0952541374281743e-05,864
895,6.686852049475611e-05,6.534652361134263e-05,823
896,4.806660170331156e-06,1.1339236390517371e-05,994
897,7.752074615108295e-05,7.992538586709674e-05,797
898,-0.0004041897083424395,-0.0003890555249496108,1397
899,4.123151941459735e-05,4.244891749949353e-05,905
900,-0.0003223334035545866,-0.0004904870297885999,1330
901,0.00024267742217320976,0.00021772007942788552,281
902,0.00014219871815202012,0.0001298243588545578,614
903,-4.521497016085618e-05,-3.4639115663370745e-05,1075
904,-0.0005673263117674798,-0.0007431746889098312,1528
905,0.0003198050047205081,0.00028737294112013423,71
906,0.00010621010573619305,0.00010368009734174066,718
907,0.0001012336678569703,9.95136123272955e-05,737
908,0.00026054825571075746,0.00023349141312933863,213
909,0.00019724260784570458,0.00017835217010941928,455
910,-1.9101813054089867e-05,-0.0003215040841642036,1032
911,-0.0006810070344155372,-0.0005293816586413591,1562
912,0.00032878863910767997,0.00029464166311499174,50
913,-0.00012807174526507925,-0.00010488503144978623,1166
914,0.0002042386295756371,0.00018635048532977816,433
915,-0.0010638358283351357,-0.0009335016900677839,1583
916,0.0002738587310693319,0.0002458454011265987,174
917,-3.0690222719842453e-06,1.1659629016724793e-05,1009
918,0.00011268358735982975,0.00010895095394991561,700
919,4.203405107838787e-05,4.4822735512317635e-05,900
920,-3.074970007377331e-05,-1.6806581220829564e-05,1050
921,-0.00034163464855396786,-0.0003002006801613444,1342
922,-0.00039184314477258564,-0.00033976534535606895,1389
923,5.706962014240258e-05,6.304055609285264e-05,856
924,9.44341282703709e-05,9.403758251602667e-05,753
925,-0.00047788529466064045,-0.00042621022633015926,1469
926,-0.00018614149774365263,-0.00016026652935785535,1239
927,-0.0005140428047470946,-0.00048244787238715947,1494
928,0.0003120365717543816,0.00028001539188804436,85
929,0.00022128232505613799,0.00019959170797212433,367
930,0.0002154126524452904,0.0001940741628675413,393
931,0.0001865755077931075,0.00016882183264232964,493
932,8.382368798498518e-05,8.539508583127464e-05,779
933,2.013999137018274e-05,2.4509161175911842e-05,952
934,0.00015443118782676457,0.00014172551532887212,580
935,0.00018039185671359093,0.00016464834315588206,510
936,-0.0004277426054726252,-0.00038188848142284293,1418
937,-0.00027783337006492825,-0.00024262559896270908,1301
938,0.0002698114920881567,0.00024117907480736278,188
939,0.0002175650171172272,0.00019671077171934392,386
940,-0.0005195285597522359,-0.00046287029192615403,1497
941,0.00011262814102674934,0.00010539770927275871,701
942,0.00016084052494780288,0.00014763854418498035,561
943,6.609819966840735e-05,6.583417714156603e-05,825
944,-5.186160174308618e-06,3.22985137302112e-06,1014
945,0.0001501467354552144,0.00013926288155052813,594
946,-0.0006833756524995405,-0.00042376353324513616,1564
947,-0.0002932120665948279,-0.00025383786313071255,1306
948,0.00023413042233977333,0.00020957627994011574,313
949,7.752805140348595e-05,7.484915271283032e-05,796
950,-0.000450283125952855,-0.00040419181945661187,1439
951,-6.249684418790924e-05,-4.0088352337708244e-05,1097
952,0.00019609249745433655,0.00017811977179149618,460
953,-0.0002317290050425358,-0.00020818679109513294,1270
954,0.00029006654212038185,0.00025998255963810557,129
955,9.07259444913322e-05,9.108464585738663e-05,764
956,0.00012964855085628724,0.00011953226090777314,651
957,-8.750067916318827e-05,-7.093559910609226e-05,1133
958,3.330674718393656e-05,4.304064417293141e-05,925
959,1.0305927969023188e-05,2.3316414512808414e-05,974
960,0.00022635695512696064,0.0002035484733287074,347
961,-0.00019504153313820716,-0.0001535170808322217,1241
962,0.00017669439972922696,0.00016078808364250463,523
963,-0.00036040660733127616,-0.0003234531915167205,1364
964,0.0001622804214577167,0.00014658120655308693,558
965,0.00026455625947119366,0.0002381160142564953,203
966,-0.00027104730887983486,-0.00022077278647592014,1297
967,5.264617960853979e-05,5.9416484330721e-05,871
968,-0.0003471376038722829,-0.0003040216504128779,1351
969,-1.3713122756997542e-05,-5.04296874170862e-06,1025
970,0.00016656919015989313,0.00015298527061646805,550
971,0.00013935211081006482,0.00012793141338585112,621
972,-0.00016236613555797863,-0.00013393778496617603,1214
973,0.0002915224953132789,0.0002607248502608517,126
974,0.0001291881175556897,0.00012219752345898893,652
975,0.00018021555713576554,0.00016263855445530773,511
976,0.00023831986869526922,0.00021394158270571229,299
977,0.00027930171204515464,0.0002502160126258701,160
978,-5.138849115104982e-05,-3.0397164059059456e-05,1083
979,6.606797596064862e-05,6.36828087900998e-05,826
980,0.00010668957133530554,0.0001040626275917722,716
981,-0.0003639472754950468,1.2073734894313404e-05,1367
982,0.00014610546038085204,0.00013318123762284806,604
983,0.00023740379617176455,0.00021270922992489005,302
984,7.820540239289464e-05,7.388013434139751e-05,793
985,-3.3432239476827164e-05,-1.4652666975201178e-05,1055
986,-0.00013274258600171063,-0.00010995872697383557,1173
987,-0.00042560546058312276,-0.0003822736976889507,1415
988,0.0001048905304790182,9.710717564115345e-05,725
989,-0.0005033652941222044,-0.0004583486968856576,1487
990,-7.860593904818192e-05,-6.334669819196836e-05,1115
991,0.00029861628176408583,0.00026736409568073327,113
992,-0.000408513289844592,-0.0004131534324597341,1400
993,0.0002691324298210729,0.00024394809987460242,190
994,-0.0004966182396656249,-0.0004490633922398235,1483
995,-0.00021650818302032526,-0.00018549480499385762,1257
996,-7.871122870228842e-05,-5.4384240917637605e-05,1116
997,-0.0003412048421259639,-0.0002980582125372555,1340
998,-5.7228983292856306e-05,-4.272105060498799e-05,1087
999,-0.000252403632186482,-0.00021766731093353364,1284
1000,-0.000346658780436937,-0.00030329464174971843,1350
1001,-0.0004757877928994736,-0.00045103446392369406,1465
1002,2.3097053833853742e-05,2.6210401230519764e-05,946
1003,4.471844413411752e-05,4.6656198738892485e-05,894
1004,0.00027058048169859017,0.00024330028370922463,187
1005,-0.0003049729981383642,-0.0002586444122242293,1315
1006,-0.0003663806154451388,-0.00032562725196871867,1370
1007,5.5673294227287506e-05,5.421781023873251e-05,859
1008,-0.0003506871722438465,-0.0003013239040200455,1353
1009,-0.00019666244901150876,-0.00016657078094339806,1242
1010,0.00012991162194286865,0.00012028656380425051,649
1011,0.0001030656368348204,9.599860832443241e-05,729
1012,0.0002510317876697199,0.0002252424947813969,252
1013,-0.0004914219103108186,-0.0004412399982890447,1481
1014,-0.00033153155010279267,-0.0002904845180065063,1334
1015,-0.0003687511629965057,-0.00032289774602634047,1373
1016,-0.00022746291406727792,-0.0001840399351973332,1266
1017,0.0002594119185799215,0.00023415055608511093,219
1018,-8.675087484322219e-05,-6.125610007090554e-05,1130
1019,-0.00015118171006300862,-0.0001275583287022597,1199
1020,0.00021511304321497615,0.00019316933493462862,396
1021,0.00022683666785139334,0.00020425876784491148,345
1022,-0.0004472537090096651,-0.00038750822945221586,1433
1023,0.0002587825390201193,0.00023237549584131933,221
1024,-0.0004973850745827457,-0.0004661482863872468,1484
1025,-7.416187321496182e-05,-5.2766929435565935e-05,1110
1026,0.00024510232374552743,0.00021912017017622354,271
1027,7.06570035876597e-05,6.97435344357844e-05,815
1028,4.382005147873791e-05,4.519295717064775e-05,898
1029,-3.8874166875535465e-06,3.196139045313906e-06,1010
1030,-0.0004521606255309951,-0.00043725367643920876,1440
1031,0.00020357458988851107,0.00018415768671276034,435
1032,3.2276556459320815e-05,3.559835710886805e-05,929
1033,4.9921025692234444e-05,5.205116831652479e-05,880
1034,-0.0004806943665405239,-0.00047854315092588084,1474
1035,-1.5941571297140023e-05,-0.00015874943884663928,1030
1036,-0.0006321230140108325,-0.0006956242072392316,1548
1037,0.000266070204422042,0.00023860644275486287,196
1038,0.0001305019597346302,0.00012038291819982394,646
1039,0.00011325803903294851,0.0001042291637874948,697
1040,6.355272358626873e-05,6.83808921219109e-05,836
1041,0.00027173456322970857,0.0002436303766139014,181
1042,0.00010656038117229372,9.78439052213842e-05,717
1043,0.0002538390704318605,0.00022772301733176015,243
1044,0.00016607729173168106,0.00014936934369824684,551
1045,0.0002937432314925603,0.0002629007478673895,123
1046,4.466330317998146e-05,4.551173223099614e-05,895
1047,-0.0006328545492515492,-0.00039936067328494307,1549
1048,-1.9863941739917124e-05,-1.1477323096920067e-05,1034
1049,0.000105064624866813,0.0001023508715687349,722
1050,0.0003521978891334321,0.00031713220951867793,16
1051,0.00023993392372401168,0.00021524288011254278,291
1052,8.990301525979572e-05,8.540854814709231e-05,766
1053,0.00023801322759031684,0.00021293624949259016,301
1054,0.00010268513709343896,9.656174016670072e-05,731
1055,-0.00035664638252352887,-0.00032192392806451586,1359
1056,0.00034360682634115847,0.00030903494500922335,27
1057,0.00020286706961025747,0.00018253019982594765,438
1058,-0.0003241786690962867,-0.00048041359234318737,1331
1059,0.00011295440320024941,0.00010689199237290392,699
1060,0.00023265448271558853,0.00020867437433458313,319
1061,0.00026046229973952784,3.784720447008727e-05,215
1062,0.00015328014602977724,0.00014192211025554347,583
1063,-0.0007080656777431749,-0.0004602180920019183,1568
1064,1.247332428611081e-05,1.853902922754891e-05,970
1065,0.00020088676975460462,0.00018034268713662538,442
1066,0.000333789830027853,-2.349715397331753e-05,40
1067,0.0002251177370753421,0.00020143609609668545,352
1068,0.00030054216865971206,0.0002698805461658349,108
1069,0.00017006791154217105,0.00015601338375470508,543
1070,0.0003280454226544105,0.00029493262907343,54
1071,-7.441560980314676e-05,-5.395261299401266e-05,1111
1072,0.00030841602387021716,0.00027832158375074023,94
1073,-0.00043672872965172527,-0.0004058466455881815,1425
1074,-0.00041508377089838344,-0.000386114848305974,1406
1075,-0.00044548898654661606,-0.0004192649075654975,1431
1076,-0.0002299720353121648,-0.0002006078258380839,1267
1077,-0.0006329330683014778,-0.0004714702147440297,1550
1078,0.00027701103958710505,0.00024850222451933135,165
1079,-0.00016565217149022704,-0.00013947613902787204,1219
1080,0.00010963033752864337,0.0001027388252431427,709
1081,-0.0003048868160712148,-0.00027053149310296565,1314
1082,0.00017666688557926857,0.00016141722986551255,524
1083,0.00022913621434261788,0.00020487623607234884,334
1084,0.0002654137016280256,0.00023785818647270585,198
1085,-0.0003757434222639855,-0.00019543431784918575,1377
1086,-3.4072198158541234e-05,-2.3777834798344166e-05,1056
1087,0.00021194222123166462,0.00019068067645600095,409
1088,-0.00031205463380801213,-0.00027872434198594753,1318
1089,0.00022867661734338185,0.00020580482641330278,337
1090,0.00023259340609060875,0.0002089293974236739,320
1091,-0.0005677312572839321,-0.0003114391631814373,1529
1092,1.5741389508883152e-05,2.0926383758612666e-05,963
1093,0.0001308557490017348,0.00012354663512159636,644
1094,0.00022956202691126748,0.00020577825387368964,331
1095,-3.6597918073866254e-05,-2.4860295850359648e-05,1060
1096,1.7277770351098454e-06,1.0354367596443481e-05,997
1097,9.08761203552988e-05,8.421813450742999e-05,763
1098,0.00022217557570725077,0.00020004335004730756,364
1099,0.0002489540923765743,0.00022491580063688232,254
1100,-0.00042696811685183356,-0.00045794872938298425,1417
1101,7.115054164152923e-05,7.133720899799023e-05,814
1102,0.0001190205955892143,0.00011154160815152192,682
1103,0.00025070395063975237,0.00022477974413215307,253
1104,0.00018491459101432905,0.00016690879383640667,497
1105,3.725861875158998e-05,4.489198742918532e-05,916
1106,-0.00041499846264958506,-0.00037167856388398146,1405
1107,-0.00027723719034800087,-0.00024079260466558505,1300
1108,0.0002570559885377577,0.00023091966296329147,229
1109,9.896888617022537e-05,9.259742910860957e-05,742
1110,0.000284243543920093,0.00025433742452418695,152
1111,0.00020449227592767016,0.0001846661333604338,431
1112,-0.000581365309405002,-0.0005118521911980922,1533
1113,5.9740573198352465e-05,5.948559719692881e-05,849
1114,0.0002716715453745522,0.00024463686059161827,182
1115,0.00014358783717671741,0.00013383363856611652,609
1116,0.0002284717708738171,0.00020653829490591136,339
1117,-0.00019925737894166407,-0.0001688714041025996,1245
1118,-4.116647808749541e-06,1.0784273956954138e-05,1011
1119,0.0003060175006340815,0.00027367839023884066,96
1120,0.0002560302656899882,0.00023380397996664026,236
1121,0.0002303794222708877,1.5159460530544955e-05,327
1122,8.964721956494781e-05,9.008391806097915e-05,768
1123,0.0002829196709496218,0.00025385638045538617,154
1124,0.00014594752123109345,0.00013008993249197243,605
1125,-0.000746796409181516,-0.0002466423010103469,1574
1126,-2.5365315393655052e-05,-1.7076357613277082e-05,1043
1127,0.00020493165599910768,0.00018494929519674574,427
1128,0.0002436719716990554,0.00021838783912941917,277
1129,0.00024279524035197841,0.00021781554731203912,279
1130,0.0003332504325940233,8.03633797563652e-05,42
1131,8.286274568392038e-06,1.537189937550476e-05,983
1132,7.422212706720277e-05,7.736664419688566e-05,806
1133,-1.3486944791085698e-05,2.7373993396473395e-06,1024
1134,0.00013210441591182676,0.0001206170051689659,641
1135,-0.00011523018938919272,-9.313969245450249e-05,1151
1136,-0.00032148234416540244,-0.00028091616159087174,1329
1137,0.00012116133663864215,0.00011559919021697507,674
1138,0.00032197385594134875,0.0002884159396342456,65
1139,2.666922473193445e-06,1.6679179088985308e-05,996
1140,-0.00017466869118898387,-0.0001450969802291313,1228
1141,0.0003281721563845874,0.0002957524269292522,53
1142,0.0002261867199907508,0.00020346163996431965,349
1143,0.0001804155328978263,0.00016457733500918614,509
1144,0.00027846275620135863,0.0002500995008896112,161
1145,-0.00030683171977829993,-0.0002791981779075581,1316
1146,9.711137861945218e-05,9.041491633765553e-05,747
1147,4.162022864917514e-05,-0.00019701494488222338,902
1148,6.119996013176365e-05,5.968651506127465e-05,843
1149,7.270336846698644e-05,7.595288480222173e-05,812
1150,-0.00017921384376928806,-0.00015049328988869792,1235
1151,-0.00036634720025796597,-0.0003834287700111849,1369
1152,5.515387204135802e-05,5.494277460815766e-05,861
1153,0.0003641174713405748,0.0003268886383255287,12
1154,-5.046553144516519e-05,-2.9606248580504868e-05,1081
1155,0.00012003031846508083,0.00011089019202348283,678
1156,0.0001812433146214376,0.00016538682524580572,506
1157,0.00014143957993395517,0.00013235913323306203,616
1158,0.0003022425557636099,0.00027154430822062814,102
1159,0.00011663621899915544,0.00010887105832058097,688
1160,-1.989614712838428e-05,-2.8635191736681165e-06,1035
1161,0.00025344313239772376,0.00022626255384083915,244
1162,3.942605587581305e-05,4.250474753786371e-05,909
1163,-0.0006886632616576183,-0.0005207905776850597,1567
1164,-0.0001967376768785556,-0.00016576139202439943,1243
1165,0.00021865056965431062,0.00019730431343423227,377
1166,-0.0007913451278022121,-0.0006945769077253416,1579
1167,-0.0005882327147470612,-0.00039810574842669144,1534
1168,0.00024184265864102272,0.0002167899083916902,283
1169,-0.0005557161456694049,-0.0005311034088438804,1517
1170,-0.00044733446691080925,-0.0003982736295915501,1434
1171,5.511984729122954e-05,5.523946417596015e-05,862
1172,0.00011305500393377077,0.00010926483568074463,698
1173,0.00023607588774432475,0.00021224401661046333,308
1174,0.0002934025157046438,0.0002670316299736575,124
1175,0.00011577276583485396,0.00011119595439768037,691
1176,0.0003976545473484139,0.0003566365870343313,7
1177,0.0001251861462073789,0.00011557714252541373,662
1178,-0.0003988947537830745,-0.00037108315403100445,1392
1179,0.00010017607671575224,9.49566203470864e-05,738
1180,0.00016752316154489133,0.00015099379277094815,547
1181,0.0003145220491481693,0.0002818777227990843,79
1182,0.00018292829230348584,0.00016659844752964226,502
1183,-8.046161848596078e-05,-6.204023937961267e-05,1117
1184,0.0003176069120733871,0.0002842609236605176,75
1185,0.0002515073024439429,0.0002248119951461236,250
1186,0.00025486578670941284,0.00022938218105350572,240
1187,5.713394895645596e-05,6.29700145799994e-05,855
1188,-0.00031476507011107824,-0.0002977152880333511,1321
1189,0.00022314088202257665,0.00020072812650839822,360
1190,0.00020759610815945795,0.00018645182984855513,418
1191,0.0002309520139126553,0.00020867497091170417,326
1192,0.0002625313963262599,0.00023536692303804951,208
1193,6.754485570070745e-05,6.400214560631223e-05,822
1194,-0.0006043578636126812,-0.0005231955245864617,1543
1195,0.0002551547959401823,0.0002293863342855973,239
1196,0.00016158170898550317,0.00014729114013989353,559
1197,8.162931359723125e-05,7.709520293264216e-05,785
1198,-0.0005233138313245345,-0.0004697587139370629,1501
1199,-0.0004281451549785764,-0.0003777576944186123,1419
1200,-0.0003535885825554086,-0.0002960102556296418,1357
1201,0.0001531612257398285,0.0001398753752447357,584
1202,-0.0004781054995047773,-0.0004511344041268073,1470
1204,-0.0002584478444167537,-0.0002234433134343794,1290
1205,0.00018613390228006121,0.00016794768849537345,495
1206,-0.00032107772974232507,-0.0002831776403681152,1328
1207,0.00031554250289722585,0.0002830525774804027,77
1208,0.00021526736161625593,0.00019336810781200864,395
1209,-4.159313694751532e-05,-3.057137506756735e-05,1067
1210,-0.00044404190803248866,-0.0002115908846228587,1430
1211,-0.00013924648871133094,-0.00011742908803791252,1180
1212,8.352448448967209e-05,7.885903653503945e-05,780
1213,-0.0004339145124845345,-0.00039613851447783954,1423
1214,-3.305861006930311e-05,-2.2233925936920862e-05,1054
1215,-1.539513776616097e-05,1.0691610075053148e-06,1028
1216,0.0002712620317431025,0.00024305112759259728,185
1217,0.00020863411292160183,0.00018815749175515872,416
1218,-0.0004738700539685947,-0.00045194659320524355,1463
1219,0.00017444641480901524,0.0001580692953084828,531
1220,0.00030262312359952137,0.0002716444963959397,101
1221,-6.567208011276637e-05,-4.871713088061558e-05,1102
1222,0.00031196683767231725,0.0002799997349829386,86
1223,-4.694471953059498e-06,5.732355353171847e-06,1012
1224,-0.00039891552064696967,-0.00030983129073780535,1393
1225,-0.00021768386252507543,-0.00018609074267672554,1258
1226,3.990388972807679e-06,1.7543659842966797e-05,995
1227,-0.00017869513350710076,-0.00014011716498762983,1233
1228,0.00013144041510271265,0.00012094736919632254,643
1229,-0.0003654780855845141,-0.0003290618047165905,1368
1230,0.00015826074208469265,0.00014428690444234782,568
1231,-0.00020898932646706836,-0.00017845074722599996,1253
1232,0.00011848531718916533,0.00011017016532777202,684
1233,-4.006323725691541e-05,-2.6772988134360354e-05,1064
1234,0.0002480076366792039,0.00022297099783119556,258
1235,7.403874663547416e-05,7.123668304476194e-05,808
1236,0.00013230371315475775,0.0001248204062431757,639
1237,6.67223567994979e-05,6.461049969286314e-05,824
1238,-0.0004134139735878506,-0.0003862414881427023,1404
1239,-0.0001561117777546528,-0.00012246650642044887,1206
1240,-0.0001719261943077255,-0.0001448262971872616,1224
1241,-0.0004000341068127744,-0.0004845021776112013,1394
1242,0.00025617555327484,0.0002297900077319337,235
1243,0.00031308863582590885,0.0002802260069809659,82
1244,0.0002226517081592716,0.00020017273722106044,362
1245,-4.491244088278279e-05,-3.002434864951553e-05,1073
1246,0.0002819705449047527,0.0002529501449093363,157
1247,-0.0005473427423472454,-0.0005418195962029193,1513
1248,-6.22431376601229e-05,-4.704342866790334e-05,1096
1249,0.00023885254735134254,0.00021476883279158976,296
1250,-0.00015555737477979115,-0.0001295440545688864,1205
1251,-0.0004249585853420834,-0.0002987997690963029,1413
1252,0.0002455757126115232,0.00022022450968339768,270
1253,8.02773030958992e-05,7.655330611522349e-05,788
1254,-0.0003521962178657523,-0.00033801860683935203,1356
1255,4.630292409446568e-05,5.396436086113621e-05,890
1256,0.00031810414780730767,0.0002876863519485351,73
1257,0.00024278135828592617,0.00021838059289946976,280
1258,0.0001980254965818773,0.00017865709279563102,453
1259,0.00017836968993301117,0.00016268310152256493,515
1260,0.0001967859043434661,0.00017790980490195452,456
1261,-6.605616456245578e-05,-5.0227861436047405e-05,1103
1262,-0.000563236351070473,-0.0004877159658412955,1526
1263,-0.00012496730262634426,-0.00010338740244797417,1161
1264,-0.0005608574029041247,-0.0004917102834539611,1522
1265,0.00022877535078813516,0.00020739162877236872,336
1266,0.0001938539799588579,0.000174272642144091,468
1267,-0.000319479333209971,-0.0002791821882512924,1327
1268,4.786883546104015e-05,4.7908089778725405e-05,886
1269,0.00010672700202651875,9.743900417913398e-05,715
1270,0.00011227344744935142,0.00010829882235252608,703
1271,0.0003020607794815833,0.000269970674758202,103
1272,-0.00024208744249787362,-0.00020005644940279677,1276
1273,0.0002180614889817356,0.0001953918556041323,382
1274,0.0001597279152221187,0.00014633640927197433,564
1275,0.00011960442316405473,0.00011111274595676512,680
1276,0.00010513781407628375,9.776484718615475e-05,721
1277,-0.00011714559537356894,-9.64334388382504e-05,1155
1278,-1.3796628032469727e-05,2.4048483200367343e-06,1026
1279,0.0002569039605712087,0.00023033137151173833,232
1280,9.696756541499596e-06,1.4048959916523884e-05,979
1281,0.00020081693126439149,0.0001815153004780523,443
1282,0.0001723159072897218,0.0001547800937133914,535
1283,2.2934036741917296e-05,3.416432718117424e-05,947
1284,0.00022827605056741085,0.0002053892520337275,341
1285,0.00035022600647394153,0.00011299428677646883,18
1286,-2.3178245599830838e-05,-1.301964418620738e-05,1040
1287,0.0001881338749993855,0.00017072498062764563,488
1288,0.00018240406380187757,0.00016517112599423456,504
1289,1.7967890077241755e-05,2.2479909552175492e-05,957
1290,0.00014570076816067257,0.00013587216675703395,606
1291,-0.000738498658140907,-0.0005207628666219488,1572
1292,0.0002586150769471329,0.00023209649192590387,223
1293,0.00024558693649967545,0.00022068556583720866,269
1294,0.0002569197344672869,0.00023150217652823102,231
1295,-0.0005103999757631872,-0.0004449030368105511,1490
1296,2.746490165450588e-05,3.794016345015638e-05,939
1297,1.7369062293659532e-05,2.2135113757815184e-05,959
1298,0.0001559596779825423,0.00014071882927702006,576
1299,-0.00025065376863930844,-0.00021744430383896507,1282
1300,0.00017166134328050475,0.00015665014455301662,537
1301,0.0001631323853986677,0.00014836193874678827,556
1302,9.599467211784951e-05,8.946701997325501e-05,751
1303,0.00022186892840236894,0.00019995132818650951,365
1304,0.00029483832862986503,0.00026484708922092093,121
1305,0.00020117112607798138,0.00018071396641738957,441
1306,0.00012087729948428994,0.0001155749762309366,675
1307,-0.00020690881228435654,-0.00017570788588316955,1252
1308,0.00016293273873424496,0.00014886573345440635,557
1309,-6.43215979487799e-05,-4.974998047857504e-05,1098
1310,-0.00047166075448490385,-0.0004699550755861148,1460
1311,-0.0002054115948919577,-0.00017725409943158965,1250
1312,-1.9371635160414513e-06,1.258888658139945e-05,1005
1313,-4.183337106222762e-05,-3.019538347459605e-05,1068
1314,-0.00017894142374652589,-0.00015210590032865845,1234
1315,0.0001890038532111893,0.00017116788219451173,486
1316,0.00025718411481601144,0.00023056734200155304,228
1317,-0.00010051224932716707,-2.230662088975599e-05,1140
1318,-0.0003947713559308008,-0.0003465861175347973,1391
1319,0.00012623115293541876,0.00011981742723643496,659
1320,0.00032880578075278333,0.0002943743447038072,49
1321,0.00019570456732664887,0.00017609702842202868,461
1322,-0.0005434583983572328,-0.0005843536859524434,1511
1323,0.00021241446766129268,0.0001918003060700224,408
1324,-0.0005594963648106743,-0.0005667743632370437,1520
1325,-0.00037152560778941357,-0.00032480523950473295,1376
1326,-3.430095947987155e-05,-1.54496437352325e-05,1057
1327,9.284962330180502e-05,8.824143813424001e-05,760
1328,0.00024260869384740147,0.0002183956677241916,282
1329,-0.0003438474087825716,-0.00032406471828505534,1346
1330,-8.177883979998413e-06,7.285707822490828e-06,1018
1331,0.0003199052595259655,0.0002921279677666755,70
1332,6.823433764235887e-06,2.0305257809494215e-05,986
1333,0.00015280638547943148,0.0001383947050240808,585
1334,-0.000226296669815107,-0.0005577921910071559,1265
1335,-0.00025998458075215947,-0.00022813202400906452,1291
1336,-0.00048557018633776927,-0.0004948396815041001,1476
1337,4.7657939439949004e-05,4.7408834205286965e-05,887
1338,7.781714956189845e-05,7.392694011876255e-05,795
1339,0.0001797288152736165,0.00016203292989591667,514
1340,0.0003033631511277779,0.0002714844756943613,100
1341,-0.00011916822689106432,-9.655306361500138e-05,1156
1342,-0.0004604088350562696,-0.0004837190216351317,1451
1343,0.00011030592136995754,0.00010188401006694381,706
1344,-7.371296852198839e-05,-5.831459116745208e-05,1109
1345,7.738826107028807e-05,7.355903195827018e-05,798
1346,0.0003015686728327083,0.00027004261811780506,106
1347,0.00030908186172229346,0.00027684027746310846,91
1348,0.00018170452642718438,0.00016506480322919792,505
1349,0.00022124170880410965,0.0001983075185887362,369
1350,0.00012194228419371012,0.000112768103912253,668
1351,-0.00046870256199027516,-0.0004298310238406433,1456
1352,0.00028564342453007985,0.0002552456468155606,149
1353,-0.0006181476021162036,-0.0004960141105311289,1545
1354,0.000170759122166797,0.0001554202929395787,541
1355,3.4829255986079666e-05,3.297356997600254e-05,923
1357,0.00020687843170585918,0.00018622381628075058,422
1358,-0.00025184185837434647,-0.00021612534176707054,1283
1359,-0.00015705668908772008,-0.00012093247183730949,1208
1360,-5.062409542522239e-05,-2.9685222565634106e-05,1082
1361,0.00018046216792499958,0.00016210541062944284,508
1362,-0.00021641040865116867,-0.00018613527344701897,1256
1363,5.502708766436104e-05,6.09333637900944e-05,863
1364,-8.387889664673853e-05,-5.878473688714081e-05,1121
1365,0.00021859644158306324,0.00019717888845227627,380
1366,0.0002844088465338013,0.00025513261222431804,151
1367,-4.742337633689697e-05,-3.463285628324542e-05,1077
1368,1.6843829317103598e-05,2.122809044480256e-05,960
1369,-0.0004331823782345312,-0.00037394527255552035,1422
1370,-7.580169778187429e-05,-5.870450762412993e-05,1113
1371,-0.00047763339717166176,-0.0004159969466644986,1468
1372,0.00017585083688709258,0.00015878506572197804,527
1373,-0.00020137636695150007,-0.00018121564397177714,1246
1374,6.552363768408398e-05,6.484341004120431e-05,829
1375,7.92226717112321e-05,7.872690991339582e-05,789
1376,-0.00034796682088045205,-0.00030837889966728316,1352
1377,0.00017491915795608826,0.00015715725090414967,529
1378,-0.0004590251208183016,-0.00043037976528848,1445
1379,-4.746368604091611e-05,-0.00018199116879347166,1078
1380,2.2904517841593197e-05,3.394350921437361e-05,948
1381,-0.00031654762913280177,-0.00033468956121274207,1323
1382,2.4002825250502013e-05,3.5086952486773626e-05,943
1383,0.00015199022329437373,0.0001409940144129207,588
1384,0.00015343635132514244,0.00014024731796458134,582
1385,2.8327775293046642e-05,3.1483236098583944e-05,938
1386,0.0001934009004531667,0.00017470535080466032,470
1387,0.0001711266058335159,0.0001533927576796712,539
1388,-0.0004885963544403182,-0.00042800040566459696,1477
1389,0.00013843147391556787,0.00012635212009248775,623
1390,9.359989153456816e-05,8.96461743475907e-05,756
1391,9.41715200967197e-05,8.851713944746376e-05,754
1392,0.0002749760519822342,0.0002470756546545383,170
1393,-0.0005715877586480733,-0.0005336469785269804,1531
1394,0.00015557413474187598,0.0001404261568914711,577
1395,0.0002284511335476358,0.0002053548949717543,340
1396,0.00020159762832039352,0.00018203154794715903,440
1397,-0.0004413526218376429,-0.0004149983017981418,1427
1398,-4.190793356539935e-05,-2.211038671229293e-05,1070
1399,4.817837054127416e-05,5.55982518521958e-05,885
1400,0.00016457316283624568,0.00015166109969066977,553
1401,0.0002111367298927025,0.00019049675771964925,410
1402,6.934793641621972e-05,7.327701150749988e-05,816
1403,0.000229910448220072,0.000206673105760391,329
1404,0.00022435085636363095,0.00020169891904497916,356
1405,-0.0007464049502831083,-0.0006481194277178082,1573
1406,-0.00034284320604349716,-0.0003167317630381472,1345
1407,3.6190312034833916e-05,3.828660981974874e-05,919
1408,-0.00023588045840583494,-4.247093064158047e-05,1274
1409,0.00021348995445602537,0.00019237407347549862,403
1410,-0.0005298885565097056,-0.0004668456393565057,1505
1411,0.0002186305322078308,0.00019690837632391212,379
1412,0.00010438687177838357,9.681554559637373e-05,727
1413,5.388880621959302e-05,6.035300257289933e-05,866
1414,-0.00016552833591421123,-0.00013859323064779883,1218
1415,0.00028757920127397973,0.00025761174749838744,138
1416,-0.0003027866891933684,-0.0002629228172131848,1310
1417,6.007256400941685e-05,6.012512597997066e-05,848
1418,0.00020647019751596218,0.0001856863728995073,423
1419,-0.0003622138648463613,-0.0003523211291509565,1366
1420,0.0002827708618577951,0.00025379394024149793,155
1421,-0.0002307149519253926,-0.00019901013419010294,1269
1422,-3.5441340305641944e-05,-2.3640655364864926e-05,1059
1423,-0.00017646668305182356,-0.0001490368851349011,1229
1424,-0.00040209432213944574,-0.00035467590700966056,1396
1425,-0.000267435613198308,-0.0002181160619633138,1296
1426,0.0002394731682431317,0.00021531648682282523,293
1427,-0.00011285963552976064,-9.19922548681118e-05,1150
1428,-0.00030406486469036764,-0.0002789332617665341,1312
1429,-0.0001118776530384391,-8.297601620899098e-05,1148
1430,0.00019892020237355368,0.0001797473152408413,451
1431,0.00020747807829768483,0.0001871045173585939,420
1432,0.0003143801131809676,0.00028128739989052853,80
1433,-0.0005515910166010718,-0.0005652122299341089,1514
1434,0.00028039706291715927,0.00025403069672680356,159
1435,0.00010954422064746172,0.00010633149932837149,710
1436,-3.8399443793579735e-05,-2.5778245715146753e-05,1062
1437,0.00011116488585372064,0.00010761912891243952,705
1438,0.0002892360266630867,0.00026061769536067647,133
1439,8.418344248362075e-05,8.570263859319915e-05,778
1440,-0.00011568641122827739,-8.533600654425655e-05,1152
1441,0.00012689715008129543,0.00011572560870842796,657
1442,0.00021779561122148294,0.00019571431251241833,385
1443,-0.0001499694478271918,-0.0001250362987957887,1197
1444,3.167047527885547e-05,4.16140093904005e-05,931
1445,0.0003184691072765089,0.0002860357662395341,72
1446,0.0002172864999429036,0.0001954344900843008,387
1447,0.00010685132587018309,0.00010398398272815079,714
1448,-9.460771220781705e-05,-7.480156716832553e-05,1136
1449,0.00010466590411628562,9.747531054160596e-05,726
1450,7.549700340847565e-05,7.250908964351321e-05,804
1451,7.316506777232945e-05,7.086935997091537e-05,811
1452,3.161907375159867e-05,4.148224448308202e-05,932
1453,6.430079866814875e-05,6.117463695132219e-05,834
1454,-0.0003559900848444375,-0.000370767582670517,1358
1455,-0.0005086823379365502,-0.0002248637403590159,1489
1456,0.00028466164674434413,0.0002546842652492165,150
1457,-0.00038659647005612197,-0.0003541912401446856,1385
1458,0.00032768947659489456,0.0002952268370337574,55
1459,-0.0005275458223362728,-0.000501370692938985,1504
1460,-0.0005173782528271609,-0.00045287806229088456,1496
1461,0.00018090775556689476,0.00016480641717353528,507
1462,-0.00033929237972851745,-0.0002959070172386946,1337
1463,-3.0167349860943382e-05,-1.8947624657594808e-05,1049
1464,6.335252852474049e-05,6.829657475349027e-05,837
1465,2.0877141024056023e-05,3.238232919267059e-05,951
1466,5.9573073796559406e-05,6.503377425670642e-05,850
1467,0.00012900309719188208,0.00012222517008031453,653
1468,3.036230996311673e-05,3.1724201888461145e-05,934
1469,0.00011126017268592303,0.00010321940119983886,704
1470,-0.00048052179108548643,-0.0004395748978176517,1473
1471,-0.00013244171110349257,-9.83631072560831e-05,1172
1472,-1.5557910998387214e-06,1.2869309842455934e-05,1004
1473,0.00023670924837593255,-9.321785319715836e-05,306
1474,0.0002999097060542022,0.0002687693659326751,110
1475,5.669410283681842e-06,1.0641236431574441e-05,990
1476,-0.0007310441385443012,-0.0006893605822977378,1571
1477,4.916848074842939e-05,4.795797678369684e-05,881
1478,0.00025573774282605655,0.00022919470314608503,238
1479,-0.0005610041201598026,-0.0005115057580629134,1523
1480,0.00023895555822717185,0.00021603645149148587,294
1481,-0.00038278019699578003,-0.0004699426440560872,1379
1482,0.0003728435575857114,0.00033556605767837144,9
1483,0.0002405284212039227,0.00021829297710329598,289
1484,-0.00038055199336672896,-0.0004221153959186319,1378
1485,0.00020377531973647667,0.0001838112120471358,434
1486,0.0001516761747553108,0.00014070479604033626,590
1487,0.0001843059269178715,0.0001672213603277628,498
1488,-2.8874870353634563e-06,4.761542171549671e-06,1008
1489,6.542510780571664e-05,6.388007231294957e-05,830
1490,-0.0001422334058676089,-0.00011705542006190672,1182
1491,-3.4436135199600315e-05,-2.3732183347835445e-05,1058
1492,-0.000313663532900299,-0.0002913763055965024,1320
1493,-0.00012882761819910105,-0.00010908664250575129,1168
1494,0.00025669623311186385,0.000230616606865075,234
1495,-0.00010935927220412367,-8.930852839927894e-05,1147
1496,0.00032285677669774415,0.0002894669821158491,63
1497,0.000273194375357777,0.0002451054466530156,177
1498,-0.00014243215484943672,-0.00011881183295225917,1183
1499,-0.0005572587050408639,-0.0004729364617128695,1519
1500,3.9191085373313506e-05,4.8021939011322345e-05,911
1501,7.56825018602969e-05,7.06092792825963e-05,802
1502,0.00034717394594419027,0.00031156880546923116,22
1503,0.00016055764728029054,0.00014686451284529056,562
1504,8.319517731480985e-05,8.474423898996442e-05,782
1505,5.141571960831648e-05,5.03522766293063e-05,877
1506,-0.0002477391790547401,-0.00021201233996659408,1278
1507,0.00016534650503241544,0.00014902632496516244,552
1508,-4.4467573838691266e-05,-3.069313757575465e-05,1072
1509,-0.0003037997197364861,-0.0004312870377631839,1311
1510,0.000312512329293968,0.00027992171393287357,84
1511,0.00020758091169836845,0.00018653942503732424,419
1512,0.00017013671756571647,0.0001553236886924214,542
1513,-0.0004716597273275447,-0.00048253597078085075,1459
1514,-0.0005107893156803822,-0.0005218635606469846,1492
1515,-0.00015028014289741876,-0.0001246138668040686,1198
1516,0.00011469431962329857,0.0001057398309256552,694
1517,0.00011870501296284974,0.0001127961858015114,683
1518,1.1401055354465228e-05,2.4167851897072268e-05,973
1519,0.00021095542616311747,0.0001882682812569536,411
1520,0.0002540366773553515,0.00022829083884401413,242
1521,-0.00047338082278558513,-0.00038026737268093136,1462
1522,0.0002189092792730385,0.0001969692688041924,375
1523,6.007673822550075e-05,6.0061542323852635e-05,847
1524,-0.00034135277100999506,-0.00031048949996070885,1341
1525,0.0001670481648297084,0.0001495988781221591,549
1526,7.399614570935409e-05,7.189856136902151e-05,809
1527,0.00018716342723468227,0.00016872418794722233,491
1528,4.764098684018059e-05,4.7821325627306344e-05,888
1529,0.00030881947757177564,0.00027713917736438276,92
1530,0.000271522110512179,0.00024283486935239296,183
1531,-2.1447005191355117e-05,-1.1073371945169441e-05,1037
1532,0.00024471940283365967,0.0002193917319757155,273
1533,0.0002598081593079282,0.00023280221351285046,218
1534,0.00015967195120325517,0.00014416305223841075,565
1535,0.00024674058275198085,0.00022132600800661706,264
1536,-0.0013675875301480955,-0.0012229963516550146,1586
1537,-0.00018905282544035007,-0.00014872787956554667,1240
1538,0.00027302390575678626,0.00024502148477145713,178
1539,-6.631343171759063e-05,-4.344615698637089e-05,1104
1540,0.0002521486746130952,0.000226093876651845,247
1541,-0.0001539977504123602,-0.0001348273398618094,1204
1542,-6.77115062459599e-05,-4.4670869464247254e-05,1105
1543,-0.00014626957887686753,-0.0001211613697288394,1192
1544,0.00018009060823132028,0.00016313083082986068,512
1545,-0.00023514472638797024,-0.00036123620004469004,1273
1546,-5.981573889857206e-05,-3.773288144026665e-05,1093
1547,0.0002362105485367305,0.0002118193805614732,307
1548,-4.7967581101260315e-05,-3.5217316098345997e-05,1079
1549,-0.00021995335722446718,-0.00018843300995097234,1261
1550,0.00018778573337518978,0.0001706565179865338,489
1551,0.00034098198127652246,0.0003051282618240503,33
1552,9.887494585458789e-05,9.753933219536215e-05,743
1553,-0.0005992686503396571,-0.00048593314623013306,1540
1554,0.00027784435339661684,0.00024952206711981173,162
1555,6.19403586472611e-05,5.840188019223813e-05,841
1556,0.0002829937959358819,0.00025361226248643565,153
1557,0.0002599060434440581,0.0002330016324424422,216
1558,0.00024072215247850082,0.00021708045751889227,288
1559,0.0003414177685409081,0.00030821134927672134,32
1560,0.00015184568806303478,0.00013844909821436602,589
1561,0.00017147529740968448,0.00015716514790176106,538
1562,0.0002482337975971971,0.00022321994843210735,257
1563,0.00012875289390656963,0.00012177779672295497,655
1564,-0.00038291143394242333,-0.000358221098985978,1380
1565,-0.00018398003120601025,-0.00015476492864929803,1238
1566,0.00022927043813825154,0.00020605435258713722,333
1567,0.00010504152888546336,0.00010279551549563504,723
1568,0.00014323214375366877,0.00013105574583660573,612
1569,0.00027539531955944607,0.00024868359364838,169
1570,0.00010312640339915635,9.567931898935012e-05,728
1571,0.00016860407618246587,0.00015379367994949877,545
1572,2.6804807882641057e-05,2.989125412011795e-05,940
1573,0.00024411382747768773,0.0002195634860606699,275
1574,-0.0004751670085778592,-0.00045305620511382205,1464
1575,-0.00040662124401824595,-0.000362440860497526,1399
1576,0.00020079553238827597,0.00018212222779678822,444
1577,-0.0007875029417520052,-0.00039528171143743407,1578
1578,-0.00017062448366056415,-0.0001316039958284554,1221
1579,-0.00029460723828855784,-0.0004987256761352921,1307
1580,0.00027486695753342616,0.0002462870685140395,171
1581,0.00017822632047392872,0.00016280260096512844,516
1582,0.0003085772931342712,0.0002780815928704605,93
1583,0.00020319789079947803,0.00018314529333818275,437
1584,9.376025731511195e-05,9.32905327096778e-05,755
1585,0.0003274646291469008,0.0002957221209876071,56
1586,0.00022632913757425488,0.00020309268362639354,348
1587,0.00024357605731040177,0.0002183283499844757,278
1588,0.00028955059943025496,0.00026038672071959645,131
1589,0.000289359941521683,0.00025951279446290165,132
