event_idx,h,w_G,w_G_legacy,w_tilde_G,alpha_G_phi,r_Malm,D_tilde_phi,L_cat_no_bh,L_cat_with_bh,B_num,B_num_wbh,g_frac,L_comp,combined_no_bh,combined_with_bh
0,0.73,0.061966841110858734,0.1215039,0.06196684,5.868831e+07,0.3827762,9.470921e+08,0.0,0.0,36799051.314132094,6582307.979593492,0.1788717,0.027546805537638618,0.03885477574867159,0.006950018854360476
2,0.73,0.061966841110858734,0.1215039,0.06196684,5.868831e+07,0.3827762,9.470921e+08,0.0,0.0,15614162.778418552,6708358.330801331,0.4296329,0.01168835310504187,0.016486424828721605,0.007083110821525973
3,0.73,0.061966841110858734,0.1215039,0.06196684,5.868831e+07,0.3827762,9.470921e+08,0.0,0.0,39360776.49377772,12699044.794642787,0.322632,0.029464445880107725,0.04155960790684822,0.013408458101437284
4,0.73,0.061966841110858734,0.1215039,0.06196684,5.868831e+07,0.3827762,9.470921e+08,2.2654750120222598e-06,2.015276188733326e-08,54149555.76054816,22579283.282209955,0.41698,0.040534938516539845,0.05717490715096406,0.02384064271009738
5,0.73,0.061966841110858734,0.1215039,0.06196684,5.868831e+07,0.3827762,9.470921e+08,0.0,0.0,31524039.150933832,17755612.749612555,0.5632404,0.023598069657795512,0.03328508285297805,0.018747503727127565
6,0.73,0.061966841110858734,0.1215039,0.06196684,5.868831e+07,0.3827762,9.470921e+08,0.05531711870885537,0.0014257699720753218,17377865.423123863,4107492.637127591,0.2363635,0.013008614689102273,0.027303826684995765,0.004425302083864419
7,0.73,0.061966841110858734,0.1215039,0.06196684,5.868831e+07,0.3827762,9.470921e+08,0.013864280747600025,0.00025994014140836555,22721524.88107774,6002550.930277119,0.2641791,0.017008738134977323,0.02623528857084798,0.006353982206612277
8,0.73,0.061966841110858734,0.1215039,0.06196684,5.868831e+07,0.3827762,9.470921e+08,0.0,0.0,49346974.16100596,9911214.013005033,0.2008475,0.03693985177715903,0.05210366969881759,0.01046488928709179
9,0.73,0.061966841110858734,0.1215039,0.06196684,5.868831e+07,0.3827762,9.470921e+08,0.008420431534244432,0.0006585408618651216,18584948.49653503,3914770.337740093,0.210642,0.013912205447657044,0.020986335124350837,0.004174270874630052
10,0.73,0.061966841110858734,0.1215039,0.06196684,5.868831e+07,0.3827762,9.470921e+08,0.006053126348015375,0.00019722589032481773,36704846.27906174,5642290.020577321,0.1537206,0.02747628611691777,0.0397352360453415,0.0059697096513692946
11,0.73,0.061966841110858734,0.1215039,0.06196684,5.868831e+07,0.3827762,9.470921e+08,0.0,0.0,21592738.956071228,9135155.044186031,0.4230661,0.016163758570033035,0.022798985299263823,0.009645476934751401
12,0.73,0.061966841110858734,0.1215039,0.06196684,5.868831e+07,0.3827762,9.470921e+08,0.033237149872888304,0.0017404314918533954,5343558.292872203,987335.6288948517,0.1847712,0.004000047716345821,0.011022760886573045,0.0011503407114617965
13,0.73,0.061966841110858734,0.1215039,0.06196684,5.868831e+07,0.3827762,9.470921e+08,1.802979760829086e-13,5.0457797574949515e-15,50989804.29239757,15299706.877362825,0.3000542,0.03816963136507571,0.05383827409947349,0.016154402315041665
14,0.73,0.061966841110858734,0.1215039,0.06196684,5.868831e+07,0.3827762,9.470921e+08,0.0017609031049483587,3.2442400688778434e-05,55938357.97517449,18511463.583045643,0.3309261,0.041873988980938234,0.05934834031418799,0.019547589399652884
15,0.73,0.061966841110858734,0.1215039,0.06196684,5.868831e+07,0.3827762,9.470921e+08,0.0,0.0,42174346.66876526,15315310.372547155,0.3631428,0.031570610786786094,0.044530354007585565,0.01617087747634666
16,0.73,0.061966841110858734,0.1215039,0.06196684,5.868831e+07,0.3827762,9.470921e+08,0.0,0.0,34917970.41913042,15603450.727744533,0.4468602,0.026138677671166188,0.03686861105881363,0.016475114365220946
17,0.73,0.061966841110858734,0.1215039,0.06196684,5.868831e+07,0.3827762,9.470921e+08,0.0037571482812722465,5.124184691208421e-05,42171630.07096151,12957598.958966421,0.3072587,0.03156857721285548,0.04513572252326726,0.013684631306142093
18,0.73,0.061966841110858734,0.1215039,0.06196684,5.868831e+07,0.3827762,9.470921e+08,0.0,0.0,55944053.13025871,9676012.6002491,0.1729587,0.0418782522247994,0.059069284702271616,0.010216548696178433
19,0.73,0.061966841110858734,0.1215039,0.06196684,5.868831e+07,0.3827762,9.470921e+08,4.722638228987413e-11,6.826181084997216e-13,43242315.4861572,15885655.484620852,0.3673637,0.032370064258611324,0.04565798332697905,0.016773084072417812
20,0.73,0.061966841110858734,0.1215039,0.06196684,5.868831e+07,0.3827762,9.470921e+08,6.907218113175152e-08,3.8942311186411436e-10,48113296.43168514,24178371.552175123,0.5025299,0.03601635295607216,0.050801085574446445,0.025529060450399592
21,0.73,0.061966841110858734,0.1215039,0.06196684,5.868831e+07,0.3827762,9.470921e+08,0.0013696622074077047,2.78838995268207e-05,57661853.59985939,16994437.039052542,0.2947258,0.04316415264338931,0.06110477929617345,0.017945533941370835
22,0.73,0.061966841110858734,0.1215039,0.06196684,5.868831e+07,0.3827762,9.470921e+08,4.855500327360322e-15,7.178168972437334e-17,38392652.80966349,16733424.017382551,0.4358496,0.028739733858729192,0.04053740142869476,0.01766821193711441
23,0.73,0.061966841110858734,0.1215039,0.06196684,5.868831e+07,0.3827762,9.470921e+08,0.0,0.0,37432217.44536438,11970555.170844253,0.3197928,0.028020777112100825,0.03952331276694077,0.012639272485039179
25,0.73,0.061966841110858734,0.1215039,0.06196684,5.868831e+07,0.3827762,9.470921e+08,0.0031478000945146327,6.521317262518659e-05,49022377.71509299,13343246.415280404,0.2721868,0.03669686738341898,0.052270530923278116,0.01409268814466995
26,0.73,0.061966841110858734,0.1215039,0.06196684,5.868831e+07,0.3827762,9.470921e+08,0.0,0.0,41825395.171607256,18454207.57044478,0.4412202,0.03130939483987966,0.04416190885247825,0.019485124511720877
27,0.73,0.061966841110858734,0.1215039,0.06196684,5.868831e+07,0.3827762,9.470921e+08,0.0,0.0,38221678.15793808,689055.2114596051,0.01802786,0.028611746714638422,0.04035687553157807,0.0007275482590888059
28,0.73,0.061966841110858734,0.1215039,0.06196684,5.868831e+07,0.3827762,9.470921e+08,4.306928828104613e-06,2.5064127797088695e-08,32212890.143706527,14383514.049615065,0.4465142,0.02411372546045017,0.03401311272470015,0.015187029286684141
29,0.73,0.061966841110858734,0.1215039,0.06196684,5.868831e+07,0.3827762,9.470921e+08,0.015864766091023334,0.000380629389835452,32660397.86613126,8140142.638591948,0.2492359,0.02444871801504061,0.037053236343024785,0.008618466037485577
30,0.73,0.061966841110858734,0.1215039,0.06196684,5.868831e+07,0.3827762,9.470921e+08,6.708301766162497e-07,7.283997649923241e-09,31876502.34371901,12023871.815054849,0.3772017,0.023861914368028567,0.03365734447867483,0.012695568035884845
31,0.73,0.061966841110858734,0.1215039,0.06196684,5.868831e+07,0.3827762,9.470921e+08,0.0,0.0,9593085.269827152,1052704.3910999368,0.1097357,0.007181132257407669,0.010128988753410468,0.001111512160916005
32,0.73,0.061966841110858734,0.1215039,0.06196684,5.868831e+07,0.3827762,9.470921e+08,5.135209416960914e-10,8.301773398252453e-12,41156664.324789986,18858919.329592045,0.4582227,0.03080880045126233,0.04345582043165756,0.01991244489368434
33,0.73,0.061966841110858734,0.1215039,0.06196684,5.868831e+07,0.3827762,9.470921e+08,0.0,0.0,22294346.841625184,10267800.608948069,0.4605562,0.01668896384834428,0.023539787468971646,0.01084139606445613
34,0.73,0.061966841110858734,0.1215039,0.06196684,5.868831e+07,0.3827762,9.470921e+08,0.0,0.0,33510223.858812626,15716127.732484061,0.468995,0.025084875484465207,0.03538222282436732,0.01659408590374822
35,0.73,0.061966841110858734,0.1215039,0.06196684,5.868831e+07,0.3827762,9.470921e+08,0.00010724426921189726,1.4460520324529306e-06,43469607.39360311,16096285.887063198,0.3702883,0.0325402090246066,0.04591533410245039,0.016995570637195534
37,0.73,0.061966841110858734,0.1215039,0.06196684,5.868831e+07,0.3827762,9.470921e+08,0.0,0.0,10914660.012543302,1588619.4280062716,0.1455491,0.0081704284794838,0.011524391309443873,0.0016773652966825786
38,0.73,0.061966841110858734,0.1215039,0.06196684,5.868831e+07,0.3827762,9.470921e+08,0.0,0.0,22654377.976859402,15885083.676469522,0.7011927,0.016958473721985605,0.02391993120970697,0.016772480321009708
39,0.73,0.061966841110858734,0.1215039,0.06196684,5.868831e+07,0.3827762,9.470921e+08,0.002996517583639466,6.603635935607563e-05,45833662.93496668,8358241.250364501,0.1823603,0.03430987905555956,0.04887919251123811,0.008829254068465046
40,0.73,0.061966841110858734,0.1215039,0.06196684,5.868831e+07,0.3827762,9.470921e+08,0.00032128796386145394,4.419021428636063e-06,27746624.548881188,8417633.285415579,0.303375,0.020770396069432658,0.029348661221554558,0.008888145719696311
41,0.73,0.061966841110858734,0.1215039,0.06196684,5.868831e+07,0.3827762,9.470921e+08,0.04171140935367537,0.0018625866514037732,20998643.280264176,3655706.788936798,0.1740925,0.015719034114706546,0.028924274114976094,0.0039753460389533295
42,0.73,0.061966841110858734,0.1215039,0.06196684,5.868831e+07,0.3827762,9.470921e+08,0.0052967626163543035,7.882337859136465e-05,49839608.186897494,14841362.079569964,0.2977825,0.03730862470004268,0.053481305808821177,0.015675337200549026
43,0.73,0.061966841110858734,0.1215039,0.06196684,5.868831e+07,0.3827762,9.470921e+08,0.001084891518566919,2.557347216815092e-05,15074255.945035914,3378501.628847191,0.2241239,0.01128419299719903,0.016091987718138218,0.0035688213198501145
44,0.73,0.061966841110858734,0.1215039,0.06196684,5.868831e+07,0.3827762,9.470921e+08,1.882448303992729e-06,2.2587405242190485e-08,58408798.3271076,22957881.058714278,0.3930552,0.043723295893393944,0.0616720239803347,0.02424039044085315
45,0.73,0.061966841110858734,0.1215039,0.06196684,5.868831e+07,0.3827762,9.470921e+08,0.007891227450310298,0.00014681678245732232,23280721.56382294,6766483.09548373,0.2906475,0.017427338118585024,0.02585875884934474,0.007153580412228537
46,0.73,0.061966841110858734,0.1215039,0.06196684,5.868831e+07,0.3827762,9.470921e+08,0.004405669500145768,0.00014570165514395488,14365776.91951064,3306816.6925290152,0.2301871,0.010753844163555445,0.01588152436003707,0.00350057577488925
47,0.73,0.061966841110858734,0.1215039,0.06196684,5.868831e+07,0.3827762,9.470921e+08,0.0,0.0,59467074.34735458,24361786.08606364,0.4096685,0.04451549359126488,0.06278911427558193,0.025722721141117965
48,0.73,0.061966841110858734,0.1215039,0.06196684,5.868831e+07,0.3827762,9.470921e+08,0.03357822851585035,0.0011472208328697994,17369990.566524453,3411999.567553391,0.1964307,0.013002719777803366,0.02377624847360226,0.003673695515013048
49,0.73,0.061966841110858734,0.1215039,0.06196684,5.868831e+07,0.3827762,9.470921e+08,0.0,0.0,49498742.88475775,22349850.49183831,0.4515236,0.03705346186683763,0.05226391675727296,0.02359839174830087
50,0.73,0.061966841110858734,0.1215039,0.06196684,5.868831e+07,0.3827762,9.470921e+08,0.0,0.0,34748615.84968935,14967463.678093797,0.4307355,0.026011903278221116,0.03668979574747655,0.01580359884210884
51,0.73,0.061966841110858734,0.1215039,0.06196684,5.868831e+07,0.3827762,9.470921e+08,0.0,0.0,13806279.134992696,10599279.031537903,0.7677144,0.010335018783050688,0.014577546446358891,0.011191392037594308
52,0.73,0.061966841110858734,0.1215039,0.06196684,5.868831e+07,0.3827762,9.470921e+08,5.60401888630581e-07,2.15376289424077e-08,30279925.78068622,6914974.308678308,0.2283683,0.022666758989364617,0.0319715596564122,0.0073012704292473325
53,0.73,0.061966841110858734,0.1215039,0.06196684,5.868831e+07,0.3827762,9.470921e+08,0.00450922494306241,9.565915980673711e-05,42641352.28027218,11801446.102248348,0.2767606,0.03192019895022406,0.04575343718408874,0.012466644085044486
55,0.73,0.061966841110858734,0.1215039,0.06196684,5.868831e+07,0.3827762,9.470921e+08,0.0,0.0,34687060.81499355,5448245.897189369,0.1570685,0.025965824792225565,0.03662480203204377,0.005752604075356059
56,0.73,0.061966841110858734,0.1215039,0.06196684,5.868831e+07,0.3827762,9.470921e+08,0.029829654133196895,0.002042754955238776,20832337.676715575,1651310.288690782,0.07926668,0.015594542097733989,0.026825165609305854,0.001870141361078381
57,0.73,0.061966841110858734,0.1215039,0.06196684,5.868831e+07,0.3827762,9.470921e+08,0.007292175124014332,0.00020949227527999282,42138418.46169226,9663162.536574416,0.2293195,0.03154371587242791,0.04567293369406528,0.010215962357287384
58,0.73,0.061966841110858734,0.1215039,0.06196684,5.868831e+07,0.3827762,9.470921e+08,0.024823394648248787,0.00040319503618959013,33783853.65627793,9418755.873161837,0.2787946,0.025289707580698775,0.03968974595325094,0.009969905426247387
59,0.73,0.061966841110858734,0.1215039,0.06196684,5.868831e+07,0.3827762,9.470921e+08,0.0,0.0,54299657.76220703,13649548.085224843,0.2513745,0.040647300941734195,0.05733302762535982,0.01441205984890291
60,0.73,0.061966841110858734,0.1215039,0.06196684,5.868831e+07,0.3827762,9.470921e+08,0.015398671513065412,0.0010535325869764586,69935.8234607152,9144.591092762512,0.1307569,5.235212485619435e-05,0.0025667013890279754,7.493952653647162e-05
61,0.73,0.061966841110858734,0.1215039,0.06196684,5.868831e+07,0.3827762,9.470921e+08,7.609617675609232e-05,1.0861456521336024e-06,45470255.12897353,16041545.476868998,0.3527921,0.034037841494669804,0.04802270255741565,0.01693774993289565
62,0.73,0.061966841110858734,0.1215039,0.06196684,5.868831e+07,0.3827762,9.470921e+08,0.007479276265484273,0.000244900743587983,47460783.430830166,5981089.050962969,0.1260217,0.03552789882197251,0.05132291410220786,0.006330389447259647
63,0.73,0.061966841110858734,0.1215039,0.06196684,5.868831e+07,0.3827762,9.470921e+08,0.0,0.0,45278615.22593393,18762028.04646594,0.4143684,0.03389438488495399,0.047808037924565255,0.019810140922186283
64,0.73,0.061966841110858734,0.1215039,0.06196684,5.868831e+07,0.3827762,9.470921e+08,0.0,0.0,23884637.65402649,13053116.96997201,0.5465068,0.01787941387879625,0.02521891751946009,0.013782309993808703
65,0.73,0.061966841110858734,0.1215039,0.06196684,5.868831e+07,0.3827762,9.470921e+08,3.831215470622323e-06,6.853887113337482e-08,50005949.39553526,18224520.15468928,0.364447,0.037433143370052005,0.05280007783512316,0.01924261019621134
66,0.73,0.061966841110858734,0.1215039,0.06196684,5.868831e+07,0.3827762,9.470921e+08,4.215908206176409e-17,6.002550860814741e-19,37108962.171393715,18435267.304014873,0.4967875,0.027778796684532946,0.03918199931642576,0.019465126175392256
67,0.73,0.061966841110858734,0.1215039,0.06196684,5.868831e+07,0.3827762,9.470921e+08,0.0008653081484659832,8.533733121017289e-06,50157772.295077585,20175193.140788384,0.4022346,0.037546794014307786,0.05309984479357962,0.021302779197488974
68,0.73,0.061966841110858734,0.1215039,0.06196684,5.868831e+07,0.3827762,9.470921e+08,1.24036176193492e-10,1.5242032063959745e-12,46915687.0017355,22593110.627127174,0.4815684,0.03511985391876694,0.04953656230768557,0.023855241250426106
69,0.73,0.061966841110858734,0.1215039,0.06196684,5.868831e+07,0.3827762,9.470921e+08,0.0,0.0,8187614.450246244,4465539.29716088,0.5454018,0.006129033630589197,0.008645003390582757,0.004715000028314146
70,0.73,0.061966841110858734,0.1215039,0.06196684,5.868831e+07,0.3827762,9.470921e+08,0.0023475378875665123,3.742719739914639e-05,47141317.57843885,14117895.96459025,0.2994803,0.035288755056101566,0.05015483537752959,0.014908890533258307
71,0.73,0.061966841110858734,0.1215039,0.06196684,5.868831e+07,0.3827762,9.470921e+08,0.001494940847172212,2.960753141855771e-05,28676457.901942063,7414458.925547698,0.2585556,0.02146644495233801,0.030520438545116237,0.007830491364158369
72,0.73,0.061966841110858734,0.1215039,0.06196684,5.868831e+07,0.3827762,9.470921e+08,0.0016526957333845378,2.32376846493351e-05,35887176.663181774,11277612.8048409,0.3142519,0.026864200068546434,0.03815951202598184,0.011909059887194519
73,0.73,0.061966841110858734,0.1215039,0.06196684,5.868831e+07,0.3827762,9.470921e+08,1.0661404198953294e-05,2.38268688303371e-07,46642215.46520282,13076637.197612083,0.2803606,0.03491514029252049,0.0492495396216125,0.013807158908847093
74,0.73,0.061966841110858734,0.1215039,0.06196684,5.868831e+07,0.3827762,9.470921e+08,0.0,0.0,49556072.63711208,18795973.202948883,0.379287,0.03709637741719095,0.05232444915123169,0.01984598237450089
75,0.73,0.061966841110858734,0.1215039,0.06196684,5.868831e+07,0.3827762,9.470921e+08,0.0,0.0,28213838.83719017,7468797.552748365,0.2647211,0.02112014044285652,0.029789963107206264,0.007886030852996984
76,0.73,0.061966841110858734,0.1215039,0.06196684,5.868831e+07,0.3827762,9.470921e+08,0.0,0.0,45915583.80531574,17584302.037362386,0.3829702,0.03437120287246222,0.04848058980911141,0.018566622995964007
77,0.73,0.061966841110858734,0.1215039,0.06196684,5.868831e+07,0.3827762,9.470921e+08,0.04317056741385933,0.003293346853292858,24675291.545329366,2232314.432734228,0.0904676,0.018471276663664656,0.033042532928083776,0.0025610976695335705
78,0.73,0.061966841110858734,0.1215039,0.06196684,5.868831e+07,0.3827762,9.470921e+08,0.0,0.0,12981730.273826823,2983148.859131493,0.2297959,0.009717783111920904,0.013706935385738452,0.00314979804661286
79,0.73,0.061966841110858734,0.1215039,0.06196684,5.868831e+07,0.3827762,9.470921e+08,0.018334900969318352,0.00014500841496826214,27858388.356873948,8882065.992019821,0.3188291,0.020854059527456104,0.032382854659029105,0.009387235151386704
81,0.73,0.061966841110858734,0.1215039,0.06196684,5.868831e+07,0.3827762,9.470921e+08,0.0,0.0,36918568.85199499,20126407.22731789,0.5451568,0.027636273234665422,0.03898096995656175,0.021250739122819787
82,0.73,0.061966841110858734,0.1215039,0.06196684,5.868831e+07,0.3827762,9.470921e+08,0.00013921005539951664,3.0750452133749495e-06,57388896.95434081,19855474.40560346,0.3459811,0.04295982445106391,0.060617379008639144,0.020964861591608593
83,0.73,0.061966841110858734,0.1215039,0.06196684,5.868831e+07,0.3827762,9.470921e+08,0.0,0.0,52295242.456015065,19401707.046072178,0.3710033,0.03914684816687877,0.05521663863031568,0.020485554640563577
84,0.73,0.061966841110858734,0.1215039,0.06196684,5.868831e+07,0.3827762,9.470921e+08,0.00017723499576034453,2.2436836281882515e-06,45057603.20042531,16113857.078051496,0.3576279,0.03372894107402,0.04760337159251862,0.017014172843423478
85,0.73,0.061966841110858734,0.1215039,0.06196684,5.868831e+07,0.3827762,9.470921e+08,9.910164249371805e-07,9.042540802757767e-09,51076763.656317346,20115271.756515216,0.3938243,0.03823472686623758,0.053930251752857594,0.021238982145790536
86,0.73,0.061966841110858734,0.1215039,0.06196684,5.868831e+07,0.3827762,9.470921e+08,0.0,0.0,44478594.021609284,15576361.80922029,0.3501991,0.03329550997501697,0.04696332472196487,0.01644651216443189
87,0.73,0.061966841110858734,0.1215039,0.06196684,5.868831e+07,0.3827762,9.470921e+08,3.2459033801062855e-07,7.138587860119689e-09,55534440.14255926,13974894.780919679,0.2516438,0.04157162667563709,0.05863684183965558,0.014755581997671212
88,0.73,0.061966841110858734,0.1215039,0.06196684,5.868831e+07,0.3827762,9.470921e+08,0.0,0.0,32223141.50631478,17343472.56644734,0.5382303,0.024121399361873738,0.03402323952478505,0.01831233994376799
89,0.73,0.061966841110858734,0.1215039,0.06196684,5.868831e+07,0.3827762,9.470921e+08,0.0015542116553519604,2.7596339709339135e-05,50263971.28995775,12866514.86738509,0.2559789,0.037626291799054565,0.05332350158480645,0.013586993699459933
90,0.73,0.061966841110858734,0.1215039,0.06196684,5.868831e+07,0.3827762,9.470921e+08,2.2004245179922562e-11,2.5524149374661366e-13,31042563.4466783,14101340.59654233,0.4542583,0.023237649562097795,0.03277671022601819,0.01488909107894472
91,0.73,0.061966841110858734,0.1215039,0.06196684,5.868831e+07,0.3827762,9.470921e+08,1.3473045376765421e-13,2.5861944612102206e-15,31131703.874208573,17877073.080122665,0.5742401,0.02330437775032626,0.03287083034781099,0.018875749258895486
92,0.73,0.061966841110858734,0.1215039,0.06196684,5.868831e+07,0.3827762,9.470921e+08,0.0,0.0,3462973.4330876432,2589615.611829962,0.7478012,0.002592291168838899,0.0036564273088897483,0.002734280647997875
93,0.73,0.061966841110858734,0.1215039,0.06196684,5.868831e+07,0.3827762,9.470921e+08,0.0,0.0,42286871.263065726,21822885.279760953,0.5160676,0.031654843749503975,0.0446491646214906,0.02304198840605618
94,0.73,0.061966841110858734,0.1215039,0.06196684,5.868831e+07,0.3827762,9.470921e+08,8.671683207905143e-09,2.1187178326287982e-10,33666608.31382261,14606909.787216084,0.4338694,0.02520194078961386,0.03554734486890388,0.01542290315589019
95,0.73,0.061966841110858734,0.1215039,0.06196684,5.868831e+07,0.3827762,9.470921e+08,0.03072465923738478,0.006404713365290911,631113.6003346385,87242.26728191617,0.1382354,0.0004724351036164013,0.005640320608317618,0.0004889957826448263
96,0.73,0.061966841110858734,0.1215039,0.06196684,5.868831e+07,0.3827762,9.470921e+08,0.0,0.0,58059456.16990146,24656939.724034496,0.4246843,0.04346178750861227,0.06130286159591866,0.02603436309940829
97,0.73,0.061966841110858734,0.1215039,0.06196684,5.868831e+07,0.3827762,9.470921e+08,0.0,0.0,3444465.579022448,1823420.5896176775,0.5293769,0.0025784366742623733,0.0036368855410013968,0.0019252832770147285
98,0.73,0.061966841110858734,0.1215039,0.06196684,5.868831e+07,0.3827762,9.470921e+08,4.904862191528923e-05,5.77111617688669e-07,56936574.36687049,21595872.351770025,0.379297,0.04262122761466826,0.06012519204476759,0.022802329499250925
99,0.73,0.061966841110858734,0.1215039,0.06196684,5.868831e+07,0.3827762,9.470921e+08,0.0,0.0,5496244.9498770125,730687.6027773161,0.1329431,0.004114344946804269,0.005803284523947156,0.000771506382213284
101,0.73,0.061966841110858734,0.1215039,0.06196684,5.868831e+07,0.3827762,9.470921e+08,0.014627074030467618,0.0003639703148912719,17299109.54189201,4045915.4806089974,0.23388,0.012949660100117909,0.020633445047484825,0.004294488640157729
102,0.73,0.061966841110858734,0.1215039,0.06196684,5.868831e+07,0.3827762,9.470921e+08,4.050990981066263e-21,6.663223636751925e-23,47394553.05807103,7625983.388681127,0.1609042,0.035478320500414516,0.05004217948609633,0.008051997642572603
103,0.73,0.061966841110858734,0.1215039,0.06196684,5.868831e+07,0.3827762,9.470921e+08,0.07885679278083899,0.0010826838136211519,15432367.733486239,4049307.706057861,0.2623906,0.01155226609813217,0.02906043522283524,0.004342606772431187
104,0.73,0.061966841110858734,0.1215039,0.06196684,5.868831e+07,0.3827762,9.470921e+08,1.496619423556511e-12,1.3429729585296749e-14,34579392.27317429,19451079.011896558,0.5625049,0.02588522694314794,0.03651111874703334,0.02053768469804882
106,0.73,0.061966841110858734,0.1215039,0.06196684,5.868831e+07,0.3827762,9.470921e+08,5.597311082780605e-06,1.1360215209086827e-07,53519410.84941157,20332461.128578566,0.3799082,0.04006322854827373,0.05651009951273976,0.021468310959295824
107,0.73,0.061966841110858734,0.1215039,0.06196684,5.868831e+07,0.3827762,9.470921e+08,0.0,0.0,32270826.51551466,8741328.24328509,0.270874,0.024157095110230845,0.03407358838631462,0.009229649583600468
108,0.73,0.061966841110858734,0.1215039,0.06196684,5.868831e+07,0.3827762,9.470921e+08,6.94332076644834e-20,4.8491677089748e-22,31221029.453091297,9255057.796811355,0.2964367,0.023371244538005497,0.032965145967680604,0.00977207787685548
109,0.73,0.061966841110858734,0.1215039,0.06196684,5.868831e+07,0.3827762,9.470921e+08,0.020707841985318838,0.00028892512942927875,22609632.17111469,6754944.657424231,0.298764,0.016924978184316642,0.027225034946945854,0.007150203401793846
110,0.73,0.061966841110858734,0.1215039,0.06196684,5.868831e+07,0.3827762,9.470921e+08,0.0,0.0,32761387.032912068,16293329.64373441,0.4973333,0.024524315858989666,0.03459155333959342,0.017203532343872185
111,0.73,0.061966841110858734,0.1215039,0.06196684,5.868831e+07,0.3827762,9.470921e+08,1.0735015198780436e-08,1.5995274805070605e-10,34046466.50155509,15223896.099333052,0.4471505,0.02548629267521065,0.035948423605053424,0.016074356490224005
112,0.73,0.061966841110858734,0.1215039,0.06196684,5.868831e+07,0.3827762,9.470921e+08,0.0005696540831584713,1.0610635457542765e-05,18503815.929530956,5690440.018332951,0.3075279,0.013851471733981867,0.019629724275561145,0.006008985519503552
113,0.73,0.061966841110858734,0.1215039,0.06196684,5.868831e+07,0.3827762,9.470921e+08,0.00821016182954487,0.00014586238626374456,41219577.909874886,9379079.414292913,0.2275394,0.030855895912479937,0.04485137442388554,0.00991206640940702
114,0.73,0.061966841110858734,0.1215039,0.06196684,5.868831e+07,0.3827762,9.470921e+08,0.001532467038945791,3.317703801609334e-05,37615551.770130515,11503182.796542317,0.3058092,0.028158016383559095,0.03996497667365081,0.012147846922328833
115,0.73,0.061966841110858734,0.1215039,0.06196684,5.868831e+07,0.3827762,9.470921e+08,0.0020113842789309887,3.52429421487832e-05,46795581.93865973,13783021.735697333,0.2945368,0.03502994641576118,0.0497353665247144,0.01455517370073532
116,0.73,0.061966841110858734,0.1215039,0.06196684,5.868831e+07,0.3827762,9.470921e+08,3.217426886753825e-06,3.655204644875596e-08,30758341.973631687,13770468.859933756,0.4476987,0.02302488881506654,0.032477132000777904,0.014539737948399566
117,0.73,0.061966841110858734,0.1215039,0.06196684,5.868831e+07,0.3827762,9.470921e+08,1.3376176582964136e-08,2.1042116048692634e-10,43683431.8920247,19399032.77881096,0.4440822,0.032700272441103996,0.04612374420455091,0.02048273099236646
119,0.73,0.061966841110858734,0.1215039,0.06196684,5.868831e+07,0.3827762,9.470921e+08,0.005472433682908193,0.0001158621599896117,47900637.89031444,10989712.507569013,0.2294273,0.035857162344470526,0.05146245683311848,0.011610816112872152
120,0.73,0.061966841110858734,0.1215039,0.06196684,5.868831e+07,0.3827762,9.470921e+08,0.0,0.0,28470697.76687092,3315666.9173867293,0.1164589,0.021312418306927552,0.0300611710801128,0.0035008917331212732
121,0.73,0.061966841110858734,0.1215039,0.06196684,5.868831e+07,0.3827762,9.470921e+08,0.0,0.0,38283658.758855015,7681627.203975021,0.2006503,0.02865814376835565,0.04042231858685788,0.008110749917096986
122,0.73,0.061966841110858734,0.1215039,0.06196684,5.868831e+07,0.3827762,9.470921e+08,0.031125041301629196,0.0006004962748005688,29727373.482675374,7975162.309207881,0.2682767,0.02225313281806072,0.0364268169183222,0.00845789378296616
123,0.73,0.061966841110858734,0.1215039,0.06196684,5.868831e+07,0.3827762,9.470921e+08,0.024314735084628298,0.0003483392198027122,34486097.008927494,9856859.477695907,0.2858213,0.02581538855302612,0.040348873257263364,0.010429083797352922
124,0.73,0.061966841110858734,0.1215039,0.06196684,5.868831e+07,0.3827762,9.470921e+08,0.012415411382663942,0.0004167993530738825,21967917.13919465,4456637.054443073,0.2028703,0.016444607126813532,0.025205027220688236,0.004731428214294554
126,0.73,0.061966841110858734,0.1215039,0.06196684,5.868831e+07,0.3827762,9.470921e+08,0.00021626579676151187,3.373477297113094e-06,57401719.42403684,14603546.921202864,0.2544096,0.042969423015880526,0.06064339217929581,0.01541956145895637
128,0.73,0.061966841110858734,0.1215039,0.06196684,5.868831e+07,0.3827762,9.470921e+08,0.004102618278615661,4.463413328129662e-05,55639749.60587083,19999692.76089593,0.3594497,0.04165045858036075,0.059412145999781826,0.021119711776873676
129,0.73,0.061966841110858734,0.1215039,0.06196684,5.868831e+07,0.3827762,9.470921e+08,7.195238364775002e-07,6.3442104281113564e-09,57211257.02547875,14713992.64588212,0.257187,0.04282684785516444,0.06040739554624489,0.015535968419670455
131,0.73,0.061966841110858734,0.1215039,0.06196684,5.868831e+07,0.3827762,9.470921e+08,0.0011314679971384776,1.8465126672646768e-05,7323579.286712536,1017588.6523973702,0.1389469,0.0054822395481992445,0.007915871169954467,0.0010755789591124756
132,0.73,0.061966841110858734,0.1215039,0.06196684,5.868831e+07,0.3827762,9.470921e+08,0.0,0.0,38676795.76336271,7316655.619946126,0.1891743,0.028952435828234497,0.04083741760716292,0.007725389736720971
133,0.73,0.061966841110858734,0.1215039,0.06196684,5.868831e+07,0.3827762,9.470921e+08,0.0,0.0,59903678.39745599,20133881.584953006,0.3361043,0.04484232394247206,0.06325010856352807,0.02125863102436091
134,0.73,0.061966841110858734,0.1215039,0.06196684,5.868831e+07,0.3827762,9.470921e+08,0.0,0.0,34820416.40490937,16092422.00119992,0.4621548,0.02606565129240921,0.036765607334245165,0.016991401293801497
136,0.73,0.061966841110858734,0.1215039,0.06196684,5.868831e+07,0.3827762,9.470921e+08,0.0,0.0,39681181.71657443,19042633.467249967,0.4798908,0.02970429283404904,0.041897912092306616,0.02010642194870932
137,0.73,0.061966841110858734,0.1215039,0.06196684,5.868831e+07,0.3827762,9.470921e+08,0.02695895726858352,0.0023070687169988438,4116328.340650909,653218.8514178703,0.1586897,0.0030813755322391953,0.008710610091317858,0.0008326717145510465
138,0.73,0.061966841110858734,0.1215039,0.06196684,5.868831e+07,0.3827762,9.470921e+08,0.004907869973477439,0.0001162167866651702,44488552.08059183,9677256.923918346,0.2175224,0.03330296431703201,0.0477683638718293,0.010225064119298022
140,0.73,0.061966841110858734,0.1215039,0.06196684,5.868831e+07,0.3827762,9.470921e+08,0.0,0.0,35877225.81475367,16274373.011751855,0.4536129,0.0268567511241635,0.03788145383469059,0.017183516727753586
141,0.73,0.061966841110858734,0.1215039,0.06196684,5.868831e+07,0.3827762,9.470921e+08,0.011369242296772495,0.0005062076267167678,11257345.868662588,1747253.0609912914,0.15521,0.008426954131692447,0.013726763644333043,0.0018762288499197903
142,0.73,0.061966841110858734,0.1215039,0.06196684,5.868831e+07,0.3827762,9.470921e+08,0.0035098759497337296,8.981703160046756e-05,36577978.458982505,5759234.589684702,0.1574509,0.027381316191229365,0.039189559458223784,0.0060865313677372435
143,0.73,0.061966841110858734,0.1215039,0.06196684,5.868831e+07,0.3827762,9.470921e+08,0.0,0.0,2622305.4871271923,1756999.0961270875,0.6700208,0.0019629891732136674,0.002768796694704713,0.001855151245282769
144,0.73,0.061966841110858734,0.1215039,0.06196684,5.868831e+07,0.3827762,9.470921e+08,0.0,0.0,1935280.1202989325,26376.168201692366,0.01362912,0.0014486999863026198,0.002043391674507647,2.7849633726628863e-05
145,0.73,0.061966841110858734,0.1215039,0.06196684,5.868831e+07,0.3827762,9.470921e+08,0.0,0.0,16111418.873738483,1599228.5804823844,0.09926057,0.012060585987983697,0.017011459398455095,0.0016885671137300883
146,0.73,0.061966841110858734,0.1215039,0.06196684,5.868831e+07,0.3827762,9.470921e+08,0.0,0.0,45909037.767334856,21789787.15473919,0.4746296,0.034366302679961006,0.04847367808642545,0.023007041303359316
147,0.73,0.061966841110858734,0.1215039,0.06196684,5.868831e+07,0.3827762,9.470921e+08,0.03780219922078143,0.002560824171071472,5049393.04677393,835452.2802719546,0.165456,0.003779843321373041,0.011451188820273125,0.0010408097675884836
148,0.73,0.061966841110858734,0.1215039,0.06196684,5.868831e+07,0.3827762,9.470921e+08,0.00015814880819283494,8.698385157960494e-07,55891837.575614914,23608596.740260866,0.4223979,0.04183916502884062,0.059039754582675213,0.024927509890516703
149,0.73,0.061966841110858734,0.1215039,0.06196684,5.868831e+07,0.3827762,9.470921e+08,4.881510404574061e-06,7.21064000774107e-08,18607035.694812305,6006238.388877838,0.3227939,0.013928739345518203,0.019647280410139693,0.0063417724583846626
150,0.73,0.061966841110858734,0.1215039,0.06196684,5.868831e+07,0.3827762,9.470921e+08,3.3924052784190736e-08,5.717378903006307e-10,56182939.29363268,20139427.401377242,0.3584616,0.042057076146968506,0.0593215213788263,0.02126448668502491
151,0.73,0.061966841110858734,0.1215039,0.06196684,5.868831e+07,0.3827762,9.470921e+08,1.1272047903919794e-05,1.794144555304533e-07,53339656.49821375,24515450.332715776,0.4596102,0.03992866915121968,0.056321222122527055,0.02588498073079681
152,0.73,0.061966841110858734,0.1215039,0.06196684,5.868831e+07,0.3827762,9.470921e+08,1.6647305554475015e-08,4.5683691882931576e-10,40194180.25725751,20677224.066338368,0.5144333,0.030088310099077344,0.042439571230767394,0.021832326556087356
153,0.73,0.061966841110858734,0.1215039,0.06196684,5.868831e+07,0.3827762,9.470921e+08,0.0,0.0,51011150.29453541,18290620.6221786,0.3585612,0.03818561042292906,0.05386081256433886,0.01931239902116316
154,0.73,0.061966841110858734,0.1215039,0.06196684,5.868831e+07,0.3827762,9.470921e+08,4.890939673634309e-05,2.9112612482619833e-07,50305339.92071734,22278494.853999596,0.4428654,0.03765725927202459,0.05312349098047041,0.023523067973729647
155,0.73,0.061966841110858734,0.1215039,0.06196684,5.868831e+07,0.3827762,9.470921e+08,8.038729546469058e-06,1.313057780376764e-07,51528526.828167096,25050265.017226294,0.4861436,0.0385729049387585,0.05440839294393759,0.026449669063469846
156,0.73,0.061966841110858734,0.1215039,0.06196684,5.868831e+07,0.3827762,9.470921e+08,0.0,0.0,16549081.589337481,4506816.356536043,0.2723303,0.012388208828441284,0.01747357149267702,0.004758582969404007
157,0.73,0.061966841110858734,0.1215039,0.06196684,5.868831e+07,0.3827762,9.470921e+08,0.0011630019576223647,1.83744324821541e-05,16416310.773671333,5542832.188338644,0.3376418,0.012288820074937618,0.017521659585229114,0.005853612894942125
158,0.73,0.061966841110858734,0.1215039,0.06196684,5.868831e+07,0.3827762,9.470921e+08,1.5420418738250091e-09,4.2078886194049717e-11,39027235.37928775,8566005.124268116,0.2194879,0.029214765741855518,0.04120743426222348,0.009044532301123332
159,0.73,0.061966841110858734,0.1215039,0.06196684,5.868831e+07,0.3827762,9.470921e+08,0.014284052495619993,0.0003386065256290789,39106968.39653362,9356969.841171324,0.239266,0.029274451789255272,0.043604036561072444,0.009900665463227066
160,0.73,0.061966841110858734,0.1215039,0.06196684,5.868831e+07,0.3827762,9.470921e+08,0.0,0.0,41520047.31184359,10585134.428078523,0.2549403,0.031080819433344287,0.043839503187311064,0.011176457266836859
161,0.73,0.061966841110858734,0.1215039,0.06196684,5.868831e+07,0.3827762,9.470921e+08,5.504555165999118e-08,5.362572287728284e-10,37211584.04485216,16425625.676622355,0.4414116,0.027855616729917713,0.03929036291988224,0.017343218931693664
163,0.73,0.061966841110858734,0.1215039,0.06196684,5.868831e+07,0.3827762,9.470921e+08,0.0,0.0,22646869.12276649,4052850.5847978787,0.1789585,0.016952852790572393,0.023912002884614588,0.004279257072986532
164,0.73,0.061966841110858734,0.1215039,0.06196684,5.868831e+07,0.3827762,9.470921e+08,0.00023684409605787392,4.55584992198402e-06,55262138.34087624,20906032.261146683,0.3783066,0.04136778868224756,0.058387617949388244,0.022074199064732073
165,0.73,0.061966841110858734,0.1215039,0.06196684,5.868831e+07,0.3827762,9.470921e+08,0.0,0.0,9285030.146302288,4647699.599876495,0.5005584,0.006950530264161344,0.009803724587206509,0.00490733644622629
166,0.73,0.061966841110858734,0.1215039,0.06196684,5.868831e+07,0.3827762,9.470921e+08,0.0,0.0,4342257.453497785,787362.0125065211,0.1813255,0.0032505001459080815,0.004584831227262126,0.0008313468238028995
167,0.73,0.061966841110858734,0.1215039,0.06196684,5.868831e+07,0.3827762,9.470921e+08,0.00010609251920691235,1.5239640461988526e-06,57767198.75350877,18530399.14139854,0.3207772,0.04324301126496464,0.061011452748231436,0.019565666847043927
168,0.73,0.061966841110858734,0.1215039,0.06196684,5.868831e+07,0.3827762,9.470921e+08,0.0,0.0,3913548.2158141755,500400.72765943117,0.1278637,0.002929579644402533,0.0041321727837227516,0.0005283548722956487
169,0.73,0.061966841110858734,0.1215039,0.06196684,5.868831e+07,0.3827762,9.470921e+08,0.0,0.0,36431588.091934845,10919258.109572556,0.2997195,0.02727173219844592,0.03846678473845565,0.011529246272345422
170,0.73,0.061966841110858734,0.1215039,0.06196684,5.868831e+07,0.3827762,9.470921e+08,0.0,0.0,26375799.058752716,16278364.42125579,0.6171705,0.019744232028401924,0.02784924396206627,0.017187731111430835
172,0.73,0.061966841110858734,0.1215039,0.06196684,5.868831e+07,0.3827762,9.470921e+08,5.665244686994772e-06,4.266854892719872e-08,55311452.56026773,18407948.021543577,0.3328054,0.04140470401466256,0.058402261974089854,0.01943628338575103
173,0.73,0.061966841110858734,0.1215039,0.06196684,5.868831e+07,0.3827762,9.470921e+08,0.0,0.0,55556795.584873945,16169987.674820332,0.2910533,0.04158836137395563,0.05866039358835511,0.01707330005876119
174,0.73,0.061966841110858734,0.1215039,0.06196684,5.868831e+07,0.3827762,9.470921e+08,0.03898377606026927,0.0014923531097556664,28592887.482779723,5371251.009062629,0.1878527,0.02140388632641822,0.03650118866340746,0.005763784390008784
175,0.73,0.061966841110858734,0.1215039,0.06196684,5.868831e+07,0.3827762,9.470921e+08,1.3175857432822907e-05,3.0309756340426655e-07,16046846.489000076,3265654.1659791567,0.2035075,0.012012248792812381,0.016945412785178835,0.0034481038755158036
176,0.73,0.061966841110858734,0.1215039,0.06196684,5.868831e+07,0.3827762,9.470921e+08,1.1473654339362498e-09,3.251811240615362e-11,38192480.036408566,20176273.71711658,0.5282787,0.02858988976596407,0.04032604648603005,0.021303391332142072
177,0.73,0.061966841110858734,0.1215039,0.06196684,5.868831e+07,0.3827762,9.470921e+08,0.0,0.0,27167156.333501227,15524640.061503738,0.5714488,0.02033662134768639,0.02868480923751197,0.016391901057974258
178,0.73,0.061966841110858734,0.1215039,0.06196684,5.868831e+07,0.3827762,9.470921e+08,0.0001965666829689292,3.9523273646984236e-06,53589468.67856882,12913050.119209671,0.2409625,0.040115672003397336,0.05661498665058707,0.013634663429367155
179,0.73,0.061966841110858734,0.1215039,0.06196684,5.868831e+07,0.3827762,9.470921e+08,0.00018995889698969517,4.3813347779528e-06,44090976.92273319,9921998.362620268,0.2250347,0.03300534997185127,0.04658480601691694,0.010476547585882848
180,0.73,0.061966841110858734,0.1215039,0.06196684,5.868831e+07,0.3827762,9.470921e+08,0.0,0.0,11848422.815555256,8027653.403840091,0.6775293,0.008869418845655888,0.012510317386824767,0.008476106357515847
181,0.73,0.061966841110858734,0.1215039,0.06196684,5.868831e+07,0.3827762,9.470921e+08,0.0,0.0,27438808.30361211,7997834.175134697,0.2914789,0.020539972894189087,0.028971636642116546,0.008444621321815986
182,0.73,0.061966841110858734,0.1215039,0.06196684,5.868831e+07,0.3827762,9.470921e+08,0.0016749143049766444,2.472921645664625e-05,42331946.64633241,13022002.95668913,0.3076164,0.03168858600026969,0.04496790644573052,0.01375099023373786
183,0.73,0.061966841110858734,0.1215039,0.06196684,5.868831e+07,0.3827762,9.470921e+08,0.0467894034812075,0.007926215007645322,1460125.313556488,214475.82587417692,0.1468886,0.0010930115488514685,0.009116331656506991,0.0007176197058424537
184,0.73,0.061966841110858734,0.1215039,0.06196684,5.868831e+07,0.3827762,9.470921e+08,0.0,0.0,57363157.0145477,20989690.914987095,0.3659089,0.042940556206619816,0.06056766472075166,0.022162248873588596
185,0.73,0.061966841110858734,0.1215039,0.06196684,5.868831e+07,0.3827762,9.470921e+08,0.02503442415109661,0.0018946142286997336,12402964.5650275,1431649.7161449196,0.115428,0.009284534268192538,0.01714860832193434,0.0016290299635053505
186,0.73,0.061966841110858734,0.1215039,0.06196684,5.868831e+07,0.3827762,9.470921e+08,0.03232795725769586,0.0006852611944163425,19452321.027277168,4986196.426870857,0.2563291,0.014561497795687422,0.025772501440399862,0.005307206368077716
187,0.73,0.061966841110858734,0.1215039,0.06196684,5.868831e+07,0.3827762,9.470921e+08,0.008123526710332382,0.00017720891335020427,19544317.483690787,5030596.70115348,0.2573943,0.014630363932299063,0.021951232536810177,0.005322604602867776
189,0.73,0.061966841110858734,0.1215039,0.06196684,5.868831e+07,0.3827762,9.470921e+08,0.0,0.0,36112782.53140849,9535552.258581178,0.2640492,0.02703308270976291,0.03813016957802829,0.010068241745803518
190,0.73,0.061966841110858734,0.1215039,0.06196684,5.868831e+07,0.3827762,9.470921e+08,0.012434531709326343,7.941574866018716e-05,39830640.04575637,15083029.017466387,0.3786791,0.029816173422893843,0.04406872000452349,0.01593054121087944
191,0.73,0.061966841110858734,0.1215039,0.06196684,5.868831e+07,0.3827762,9.470921e+08,9.53361822406573e-09,2.47406250158856e-10,17794158.818916924,9257281.04890001,0.5202427,0.01332024101671118,0.01878820465881345,0.009774425342956321
192,0.73,0.061966841110858734,0.1215039,0.06196684,5.868831e+07,0.3827762,9.470921e+08,0.0,0.0,18794772.860684805,8637770.518791271,0.4595837,0.014069274468457394,0.019844714976896143,0.009120306760387394
193,0.73,0.061966841110858734,0.1215039,0.06196684,5.868831e+07,0.3827762,9.470921e+08,0.0,0.0,17058865.714619227,8193559.34385213,0.4803109,0.012769819866330146,0.018011833952189072,0.008651280386854606
194,0.73,0.061966841110858734,0.1215039,0.06196684,5.868831e+07,0.3827762,9.470921e+08,7.142702999891178e-07,5.97494304430621e-09,42971264.90338852,14315639.620678669,0.3331445,0.03216716289491435,0.045371906529407424,0.015115361970525688
195,0.73,0.061966841110858734,0.1215039,0.06196684,5.868831e+07,0.3827762,9.470921e+08,0.0004261456141198336,5.372650093942531e-06,42884414.65846181,14897088.910425294,0.3473777,0.03210214907737135,0.0453490767142297,0.01572962561855381
197,0.73,0.061966841110858734,0.1215039,0.06196684,5.868831e+07,0.3827762,9.470921e+08,0.0,0.0,47503513.95072749,24220380.25464423,0.509865,0.035559885769464325,0.05015722731744942,0.02557341588260861
198,0.73,0.061966841110858734,0.1215039,0.06196684,5.868831e+07,0.3827762,9.470921e+08,0.0,0.0,39409438.81966438,21519478.613814607,0.5460488,0.029500873222127116,0.04161098868141207,0.02272163237662044
199,0.73,0.061966841110858734,0.1215039,0.06196684,5.868831e+07,0.3827762,9.470921e+08,2.797376716158265e-06,1.2635567606876357e-08,49235297.72945217,24244418.852463283,0.4924195,0.0368562537268482,0.051986207490475535,0.025598798144035626
